Cartoons_PF_study_Answer_1,Aircraft_Noise,Life_Convenience,Health
รู้สึกเจริญขึ้น แต่รถรถติดเยอะขึ้น มีคนอาศัยอยู่แถวนี้เยอะขึ้น,missing,negative,missing
ทำให้รถวิ่งมากขึ้นการจราจรติดขัด มลภาวะจากรถยนต์มากขึ้น,missing,negative,negative
สะดวกสบาย เสียงจากสนามบินไม่มี,positive,positive,missing
แต่ปัญหารถติด ลำบากในการไปทำงาน,missing,negative,missing
ดีสะดวกสบายดี เข้าอาเซียน อาจจะทำให้การค้าขายดีขึ้น,missing,positive,missing
มันจะเป็นประโยชน์ต่อคนทั่วๆไป แต่สำหรับฉัน ฉันว่ามันจะดังรบกวน,negative,negative,missing
สะดวกแต่เสียงดัง,negative,positive,missing
ดีมากในแง่ของความสะดวกสบายเจริญดีขึ้น แต่ในแง่ของความเป็นอยู่เรื่องสุขภาพร่างกายจะแย่ลง,missing,positive,negative
ดี,missing,positive,missing
ก็ดีมันทำให้ชีวิตสะดวกสบายดีนะ,missing,positive,missing
ดีได้ไง เสียงจากเครื่องบิน,negative,negative,missing
ไม่เอาค่ะ ความวุ่นวายจะตามมา,missing,negative,missing
มันดีมากเลย มันเจริญ,missing,positive,missing
มีทั้งข้อดีและข้อเสีย ข้อดี คือ มีสิ่งอำนวยความสะดวกบ้านเมืองเจริญ ข้อเสีย คือ เสียงดังรบกวน,missing,missing,missing
ไม่ดีเลย,missing,negative,missing
ไม่เกี่ยวไม่มีผลอะไรนะ,missing,neutral,missing
ก็สบาย ไปเล่นได้,missing,positive,missing
ไม่เห็นดีเลย หนวกหู ดูทีวีก็ไม่รู้เรื่อง คุยโทรศัพท์ก็ไม่ได้ยิน,negative,negative,missing
ดี เศรษฐกิจดีขึ้น,missing,positive,missing
ดี สะดวกสบายดีแต่จะมีปัญหามลพิษ,missing,positive,negative
เห็นด้วยนะ เสียอย่างเดียวเสียงดัง รบกวนการนอน,negative,neutral,negative
จริงหรอ?,missing,negative,missing
ไม่ดีเลย เสียงดังรบกวน มลพิษอากาศ แต่ก็ดีอย่างเสียอย่าง,negative,negative,negative
ก็ดีแหละ แต่เสียงจะดัง,negative,positive,missing
ใช่ค่ะ แต่ถ้าเสียงไม่ดังจะดีกว่านี้,negative,positive,missing
ก็เจริญขึ้นแต่เสียงรบกวนเราอยู่ที่ใกล้ๆสนามบิน,negative,positive,missing
ดี สะดวกสบาย,missing,positive,missing
ดี จะเหมาะสำหรับประกอบธุรกิจ แต่มีมลภาวะทางเสียง,negative,positive,missing
ไม่ได้สบายทุกอย่างหรอก,missing,negative,missing
สะดวกสบายดี เรื่องของกินของใช้ดีนะ,missing,positive,missing
ใช่ เห็นด้วย,missing,positive,missing
ไม่จริงเสมอไป อาจจะคับคั่งไม่สะดวกในการเดินทางก็ได้,missing,negative,missing
ดี จะได้ช่วยอำนวยความสะดวก มีความเจริญเข้ามา,missing,positive,missing
"ฉันไม่อยากให้มีสนามบินบริเวณนี้ หนวกหูมันทำให้การจราจรแน่นหนา ฉันไม่สามารถโดยสารเครื่องบินที่นี่ 
เพราะฉันต้องขึ้นเครื่องบินที่สานมบินดอนเมือง เพราะส่วนมากจะบินภายในประเทศ",negative,negative,missing
ไม่แน่เสมอไป อย่างน้อยเสียงก็รบกวนความเป็นอยู่ เพราะเมื่อกลับมาบ้านก็อยากจะพักผ่อน,negative,negative,missing
ฉันคิดว่ามันมีปัจจัยเสี่ยงเข้ามาในชีวิตของเรา ถ้าจะต้องแลกกับความสะดวกสบาย,missing,neutral,missing
ใช่คะ,missing,positive,missing
"ไม่เป็นจริง การคมนาคม การจราจรทำให้เพิ่มปัญหามากขึ้น การเดินทางรถจะติดมากขึ้น
ใช้เวลาในการเดินทางมากขึ้น เวลาพักผ่อนจะลดลง ปัญหาสิ่งแวดล้อมจะตามมาอีกมากมาย ถ้าไม่เชื่อคอยดู 5-10 ปี",missing,negative,missing
มันได้ 2 แง่ 1.มีความเจริญเพิ่มมากขึ้น 2.ความเจริญไปรบกวนความสุขส่วนตัว,missing,neutral,missing
ก็ดีนะ แต่ชอบแบบก่อนหน้านี้มากกว่า,missing,positive,missing
สะดวกสบายดีแต่มีเสียงรบกวน,negative,positive,missing
ก็ดีที่มีนะ แต่รถติด,missing,neutral,missing
ก็มาอยู่เพราะมีสนามบิน แต่รถติดไปหน่อย,missing,neutral,missing
เฮ้ย! มันเสียงดังนะ มันรบกวนคนอื่นด้วยนะ,negative,negative,missing
ก็ดีสะดวกสบายมาก ไม่ต้องไปไกล,missing,positive,missing
ก็ดีสะดวกสบายในการเดินทาง,missing,positive,missing
สะดวก,missing,positive,missing
ก็ดีสะดวกในการเดินทาง,missing,positive,missing
มันก็สะดวกสบาย แต่เสียงที่ดังรบกวนทำให้รู้สึกรำคาญ,negative,positive,missing
ไม่ดี เพราะเกิดเสียงดังมากขึ้น คนพลุกพล่านทำให้รถติด,negative,negative,missing
ดีเพราะสนามบินอยู่ใกล้ ก็สะดวกดีแต่เสียงดังรบกวน,negative,positive,missing
แต่รถก็ติดขึ้นด้วย กว่าจะกลับถึงบ้านใช้เวลานาน,missing,negative,missing
ก็ไม่ได้สะดวกมากขึ้น แต่ก็ไม่สามารถจะทำอะไรได้ ถ้ามีการเปิดสนามบิน,missing,negative,missing
สะดวกสบายดี เวลามีเพื่อนมาก็ไปรับไปส่งได้ง่าย,missing,positive,missing
เห็นด้วย จะสะดวกสบายยิงขึ้น แต่จะมีเสียงรบกวน,negative,positive,missing
แต่มีปัญหาเรื่องเสียงรบกวนตามมา,negative,missing,missing
มันก็มีทั้งดีและไม่ดีแหละ,missing,neutral,missing
ก็ดีนะ แต่จะมีเสียงดังรบกวน,negative,positive,missing
ดี แต่มีเสียงรบกวนมากๆ,negative,positive,missing
ไม่สะดวกสบาย แต่เสียงดัง,negative,negative,missing
ดี ลูกมีงานทำ,missing,positive,missing
ก็ดี มีความเจริญมากขึ้น แต่จะมีเสียงดังของเครื่องบิน,negative,positive,missing
ไม่เลย เสียงจะดังรบกวน,negative,negative,missing
หรา รถติดทุกวันอะดิ,missing,negative,missing
ตอนแรกก็คิดว่าอย่างนั้นนะแต่พอมาลองสัมผัสมันไม่ใช่เลยมีแต่เสียงรบกวนตลอดเวลา,negative,negative,missing
สนามบินดีนะ สะดวกสบายในการเดินทางไปต่างประเทศ รวมถึงมีแอร์พอตลิงค์ทำให้สะดวกในการเดินทางยิ่งขึ้น,missing,positive,missing
ดีเหมือนกัน เรารู้สึกว่าพื้นที่แถวนี้กำลังได้รับความสนใจมากขึ้นนะ น่าจะมีโครงการพัฒนาใหม่ๆ มา น่าตื่นเต้นดี,missing,positive,missing
ก็สะดวกสบายนะ แต่มีเสียงดัง,negative,positive,missing
พี่เห็นด้วยกับการเจริญขึ้นนะ,missing,positive,missing
ก็ดีค่ะ แต่อาจมีเสียงรบกวนหน่อย,negative,positive,missing
ก็ดีนะ เศรษฐกิจจะได้ดี เช่น บ้านเช่า,missing,positive,missing
ดีขึ้น แต่มีเสียงก็ยังรบกวน,negative,positive,missing
ดี กิจการที่บ้านดีขึ้น,missing,positive,missing
ดี แต่มีเสียงรบกวน,negative,positive,missing
"แม้จะมีความสะดวกสบายอยู่มาก แต่เราอาจได้รับมลพิษทางเสียง จากากรคมนาคมโดยเฉพาะเครื่องบิน 
ซึ่งอาจจะส่งผลเสียต่อสุขภาพและคุรภาพการใช้ชีวิตของเราในระยะยาวได้",negative,positive,negative
ใช่เลย ทุกอย่างมีการพัฒนา ถนน รถไฟฟ้า Airport Link,missing,positive,missing
พอสมควร,missing,neutral,missing
ไม่ทราบ ไม่ค่อยใช้บริการ,missing,missing,missing
ก็ดีอะ,missing,positive,missing
ไม่ดีเลยเสียงรบกวนแล้วการจราจรรถติดมากขึ้นตามมาทำให้ความเป็นอยู่ไม่สะดวก,negative,negative,missing
ดี มีความเจริญเข้ามา,missing,positive,missing
ไม่ดีเลย วุ่นวาย,missing,negative,missing
ไม่ดีเลยทำให้รถติด,missing,negative,missing
สะดวกสบายแต่เครื่องบินเสียงดังมากๆ ฝุ่นในบ้านเยอะมากๆ,negative,positive,negative
"จริงหรอ มอลพิษทางเสียง การจราจร จริงอยู่ มีงานทำ มีรายได้เพิ่มขึ้นจากพนักงานภายใต้สนามบิน
แต่ความสะดวกสบายไม่ได้เกิดขึ้น เพราะไม่ได้เดินทางด้วยเครื่องบินทุกวัน",negative,negative,missing
ดีที่มีความสะดวกสบายเพิ่มขึ้น แต่ผลกระทบก็มากตาม,missing,positive,missing
ไม่เห็นดีเลยเสียงดัง,negative,negative,missing
ดีมากครับ,missing,positive,missing
ก็ดีนะ,missing,positive,missing
ก็เห็นด้วย การเดินทางสะดวกขึ้น,missing,positive,missing
1.สะดวกในการเดินทางไปสนามบิน 2.เสียงไม่รบกวน,positive,positive,missing
เห็นด้วยจ๊ะ,missing,positive,missing
ก็โอเคนะ,missing,positive,missing
ไม่เห็นด้วย,missing,negative,missing
แนวนั้น,missing,positive,missing
จะได้ไปถึงที่นัดหมายเร็มากขึ้น,missing,positive,missing
ก็ดีแต่ก็มีข้อเสียในเรื่องของเสียงรบกวนหน้าจะทำการวิจัยเรื่องการแก้ไขปัญหาที่อยู่อาศัยบริเวณนี้,negative,positive,missing
คุณมีความคิดเห็นอย่างไร กับการมีสนามบินนานาชาติอยู่ในบริเวณใกล้บ้าน,missing,missing,missing
แต่มันก็มีผลกระทบทางอื่นๆ สำหรับคนที่อยู่มาก่อนหน้านี้นะตัวเอง การจราจรก็ติดขัดมากขึ้นด้วย,missing,negative,missing
ดีขึ้น,missing,positive,missing
ดีเห็นด้วยเลย,missing,positive,missing
ก็ดี แถวนี้จะได้เจริญมากขึ้น,missing,positive,missing
ดี แต่เวลาเครื่องบินขึ้นจะมีเสียงรบกวน,negative,positive,missing
ฉันเห็นด้วย,missing,positive,missing
ดี จะได้มีการคมนาคมที่สะดวกสบาย,missing,missing,missing
ดีเหมือนกัน คนจะได้มีงานทำ เศรษฐกิจจะได้ดีขึ้น,missing,positive,missing
ไม่ค่อยดี จะมีเสียงรบกวน,negative,negative,missing
ก็ดี ก็ทัดเทียมกับต่างชาติ แต่เสียงรบกวน,negative,positive,missing
ดีนะ การเดินทางจะได้สะดวกสบาย,missing,positive,missing
"สะดวกสบายก็จริง แต่เราต้องเจอกับเสียงที่คอยรบกวน และยังมีผู้คนเข้ามาเยอะแยะบางทีก้ทำให้ดูวุ่นวาย 
การเปิดสนามบิน ก็มีทั้งข้อดี และข้อเสียพอๆกันเลย",negative,neutral,missing
สะดวกนะ ทำให้มีงานทำ,missing,positive,missing
มันจะมีเสียงดังรบกวน,negative,missing,missing
มีดีและข้อเสีย การคมนาคมดีขึ้น,missing,neutral,missing
ทำไมความเจริญจึงต้องงมารบกวนสิทธิความเป็นอยู่ของเรา,missing,negative,missing
มันจะทำให้เกิดมลภาวะทางเสียง,negative,missing,missing
OK สะดวกสบายมากขึ้น แต่ทำให้รถมากขึ้น ทำให้สายต่อการทำงาน,missing,neutral,missing
แต่จะมีปัญหามลพิษ,missing,missing,negative
แต่เสียงรบกวนทำให้ฉันนอนไม่หลับนะ,negative,negative,negative
มันก็ดี แต่จะมีเสียงดังรบกวน,negative,positive,missing
ไม่รู้ซิเราไม่ได้ผลประโยชน์และไม่ได้เสียประโยชน์อะไร,missing,neutral,missing
สะดวกสบายดี แต่รบกวนจากเครื่องบินมากๆๆ และสัณญาณทีวี,negative,positive,missing
ดี เดินทางสบาย,missing,positive,missing
ไม่ดี เกิดเสียงดัง,negative,negative,missing
ก็ดี,missing,positive,missing
ก็สะดวกสบายดี เดินทางไปสนามบินใกล้,missing,positive,missing
ก็ดี,missing,positive,missing
ใช่สะดวกจริงดีจริง,missing,positive,missing
ก็ดีอ่ะนะ,missing,positive,missing
ก็คงดี มันสะดวกในหลายๆด้าน,missing,positive,missing
ก็ดีนะ ความเจริญมันก็เข้ามาไง,missing,positive,missing
ก็ดีซินะ เราจะได้ไปไหนก็ดี,missing,positive,missing
ก็ดีอ่ะ,missing,positive,missing
ก็ดีอ่ะ ทำให้เราเดินทางได้ง่าย,missing,positive,missing
มันก็จริงอ่ะ สะดวก แต่รถติด,missing,neutral,missing
มันก็ดี จะได้ไปไหนสะดวกขึ้น,missing,positive,missing
ไม่ดี เพราะจะถูกรบกวนจากเสียง,negative,negative,missing
ดี แต่มีเสียงดังไปหน่อย,negative,positive,missing
ไม่ค่อยสะดวก หนวกหู ทำให้รถติด,negative,negative,missing
ก็ดีนะ ทันสมัย สะดวกรวดเร็ว,missing,positive,missing
ดีค่ะ สะดวกสบาย,missing,positive,missing
ไม่เป็นอย่างที่คิดแน่ ความเดือดร้อนมาเยือน,missing,negative,missing
สะดวกขึ้นก็จริง แต่เสียงรบกวน,negative,positive,missing
ก็ดีนะ แต่ทำยังงัยให้เสียงลดลง ช่วยพัฒนาให้เครื่องบินเสียง้งียบๆ,negative,positive,missing
มีข้อดีและข้อเสีย เราไม่ได้เดินทางด้วยเครื่องบินบ่อยๆ จึงไม่ค่อยได้ประโยชน์ซักเท่าไหร่ ค่อนข้างรำคาญกับเสียงที่ตามมา,negative,neutral,missing
อบายมุขมากขึ้น ตรงข้ามกับที่พูดเลย ของแพงเพิ่มขึ้น รถไม่ติดทำให้รถติด logistic มาอยู่มาก ความปลอดภัยน้อยลง,missing,negative,missing
ดี แต่ต้องควบคุมให้ระดับให้เป็นที่ยอมรับกันทั่วโลก และควรมีข้อกำหนดในการปรับปรุงเสียงเครื่องบินให้ลดลง,neutral,positive,missing
มันก็ดีกับคนที่ใช้ แต่รบกวนคนที่ได้รับผลกระทบ หนวกหู,negative,neutral,missing
โอเค,missing,positive,missing
อยู่แบบนี้แล้ว ไม่ใกล้ไม่ไกลเกินไป,missing,neutral,missing
การคมนาคมขนส่งสะดวกมากขึ้น แต่ก็สร้างความลำบากทางด้านการจราจรไม่น้อย,missing,neutral,missing
เฉพาะกลุ่มที่ได้ผลประโยชน์ โดยเฉพาะนักการเมือง เข้ามาหาผลประโยชน์ใส่ตัวเอง,missing,negative,missing
ก็ดีนะ จะนำความเจริญมาสู่ท้องถิ่น,missing,positive,missing
ก็ไม่ได้สะดวกสบาย เพราะไม่ได้ใช้บริการ,missing,negative,missing
มีเสียงรบกวน รถติด ที่ซื้อบ้านเดี่ยวเพราะอยากอยู่เงียบๆ,negative,negative,missing
สะดวกสำหรับคนใช้เครื่องบินแต่ไม่มีประโยชน์กับลูกจ้างอย่างฉันเพราะฉันไม่ได้ใช้เครื่องบินเดินทางไปทำงานนะ,missing,neutral,missing
ไม่ดี เพราะหนวกหูมันใกล้กับสนามบิน,negative,negative,missing
ก็ดี เดินทางสะดวกสำหรับบางคนแต่กับบางคนคงไม่ดีและการจราจรอาจติดขัด และเสียงของเครื่องบินที่รบกวนเวลาพักผ่อนอีก,negative,neutral,missing
ดี สะดวกสบายมากขึ้น,missing,positive,missing
มันไม่สะดวกเพราะรำคาญเป็นเสียงเครื่องบิน นอนๆก็สะดุ้ง,negative,negative,negative
เป็นเรื่องปกติ ธรรมดาเป็นสิ่งดีไม่ได้ระคาญเรื่องเสียงใดๆ,positive,positive,missing
ก็จริง เพราะว่าเวลาเดินทาง ไปต่างประเทศจะได้สะดวกมากขึ้น,missing,positive,missing
เสียงดังรบกวน การจราจรติดขัด สุขภาพแย่ลง,negative,negative,negative
ก็ดีนะดูพัฒนาขึ้นมา ถนน การสัญจรไปมา,missing,positive,missing
สนามบินควรจะอยู่ห่างจากตัวเมือง น่าจะดีกว่านะ,missing,negative,missing
ไม่จริง! รถติด,missing,negative,missing
จริงด้วย แต่จะมีปัญหาเรื่องรถติดและเสียงรบกวนหรือเปล่านะ,negative,neutral,missing
ไม่เลย จะมีเสียงเครื่องบินรบกวนอยู่ตลอดเวลา ยกเว้น มีเวลาห้ามให้เครื่องบินลงในเวลาที่กำหนดลงเท่านั้น,negative,negative,missing
ดี คนมีงานทำเยอะ,missing,positive,missing
แต่เสียงอาจรบกวนเรานะ,negative,missing,missing
ไม่เห็นด้วย,missing,negative,missing
ไม่เลย ฉันชอบความเป็นอยู่ในอดีต ตั้งแต่มีสนามบิน บินเสียงดังมาก และทำให้การจราจรติดขัดในตอนเช้าและตอนเย็น,negative,negative,missing
สะดวกสบาย แต่รถติดมาก,missing,neutral,missing
ไม่จริงมั้ง เสียงดังจะตายไป,negative,negative,missing
สะดวกสบายดี,missing,positive,missing
ไม่ดี มันหนวกหู,negative,negative,missing
สะดวกสบายเฉพาะเวลาใช้สนามบิน แต่สนามบินมีส่วนทำให้รถติด,missing,neutral,missing
ไม่เอาเลย,missing,negative,missing
ความสะดวกสบายในการใช้สนามบินซึ่งอยู่ใกล้ แต่ผลกระทบจากเสียงเครื่องบินอยู่ในชั้นรบกวนอย่างมาก,negative,positive,missing
ทุกวันก็สบายดี ไม่เห็นลำบาก ก็เผื่อเวลาเดินทางสิ อยู่กรุงเทพยังไม่ชินเหรอ,missing,negative,missing
ไม่ดี,missing,negative,missing
ครับ เยี่ยมเลย,missing,positive,missing
โอเค,missing,positive,missing
ดี,missing,positive,missing
ดี แต่เสียงเครื่องดังไปหน่อย,negative,positive,missing
หนวกหู,negative,missing,missing
ไม่ดีเลย เพราะเสียงดัง,negative,negative,missing
เห็นด้วย,missing,positive,missing
ดีค่ะ มันเจริญขึ้น,missing,positive,missing
ถ้าเส้นทางการขึ้นลงของเครื่องบินไม่อยู่ในแนวของที่อยู่อาศัย,missing,missing,missing
ดีค่ะ,missing,positive,missing
เฉยๆค่ะ,missing,neutral,missing
ก็ดี เดินทางสะดวก,missing,positive,missing
ดี เดินทางสะดวกสบาย เดินทางสบาย,missing,positive,missing
ไม่เห็นด้วย เพราะอาจจะเพิ่มมลภาวะสิ่งแวดล้อมและกระทบต่อวิถีชีวิตแบบธรรมชาติ,missing,negative,negative
แต่ต้องทนเสียงดังรบกวน,negative,missing,missing
ไม่เสมอไปหรอก สิ่งที่ตามมากับความเจริญก็มีด้านลยเยอะเหมือนกัน,missing,neutral,missing
ไม่นะ เราไม่ชอบ ทำให้เสียงดังมาก,negative,negative,missing
ใช่ค่ะ ถูกต้องค่ะ,missing,positive,missing
ก็ดี เดินทางสะดวกในเวลาจำเป็น แต่เวลาใช้ชีวิตปกติมีปัญหาการจราจรมาก,missing,neutral,missing
ข้อดี ก็มีความเจริญ และข้อเสีย เสียงรบกวน,negative,positive,missing
โอเค สะดวกสบายดี,missing,positive,missing
ความสะดวกสบายโอเคนะ แต่เรื่องเครื่องบินไม่ไหว ความเจริญก็เข้ามามาก,missing,neutral,missing
ไม่นะ รำคาญเสียงเครื่องบิน,negative,negative,missing
ก็โอเค เพราะสะดวกสบายหลายอย่าง ห้างสรรพสินค้าเยอะ รถประจำทางสะดวกดี,missing,positive,missing
ไม่จริง 10ปีผ่านมาไม่เห็นจะมีอะไรดีขึ้นเลย รถติดมากยิ่งขึ้นอีก,missing,negative,missing
เห็นด้วย,missing,positive,missing
สะดวกสบายต่อการเดินทางมากขึ้น,missing,positive,missing
มีความสะดวกสบายขึ้นก็จริง แต่ก็ทำให้การจราจรติดขัดมากขึ้นและมีเสียงรบกวนจากเครื่องบินเวลาบินขึ้น-ลง,negative,neutral,missing
มันก็สะดวกอยู่ แต่เสียงรบกวนจากเครื่องบินทำให้รู้สึกรำคาญ บางทีที่เครื่องบินบินผ่านก็ไม่ค่อยมีสัญญาณทีวีหรืออินเตอร์เน็ต,negative,neutral,missing
เห็นด้วย ทำให้บ้านเมืองเจริญ,missing,positive,missing
ดี การคมนาคมดีขึ้น ที่ดินแพงขึ้น บ้านแพงขึ้น,missing,positive,missing
ดี สะดวกคมนาคม ยอมรับรถติดได้ ถนนดีขึ้นมากๆ,missing,positive,missing
จริง หมู่บ้านร้านค้าเยอะขึ้น,missing,positive,missing
ความเจริญกับการจราจรเพิ่มขึ้น ระบบถนนดี 2-4เลน ห้างสรรพสินค้าก็มาด้วย รถบรรทุกเยอะมาก,missing,positive,missing
ดี,missing,positive,missing
เจริญอยู่ บุตรหลานค้าขายดี สะดวกสบาย แต่รถติด,missing,positive,missing
ก็ไม่อยากขัดความเจริญ แต่การมาสนามบิน รถติดอย่างมาก รถขนของก็มาทุกเวลา ไม่เห็นควบคุมเลย,missing,negative,missing
"มีส่วนจริง เพราะนำพาความเจริญมาให้ มีผู้อยู่อาศัยมาขึ้น แต่ก็มีผลกระทบต่อการใช้ชีวิตโดยเฉพาะเรื่องผลกระทบทางเสียง 
การจราจรที่ติดขัดมากขึ้น",negative,neutral,missing
รถติดทุกวันเดินทางล่าช้า ควรปรับปรุงการจราจร ตำรวจไม่ทำงาน,missing,negative,missing
ไม่ดีเลย เพราะมีเสียงรบกวนอย่างมากและทางสนามบินไม่เคยที่จะรับฟังความคิดเห็นของผู้ที่มาอาศัยเลย,negative,negative,missing
ไม่หรอก มันมีเสียงรบกวนอย่างมาก เป็นระยะที่ขึ้น-ลง ของเครื่อง,negative,negative,missing
ไม่ดีเลย รถติด เสียงดัง,negative,negative,missing
ก็ดี การเดินทางดี,missing,positive,missing
ตอนแรกยังดี แต่เสียงเริ่มรบกวนมากขึ้นตลอดชีวิต ลูกหลานในอนาคตจะยิ่งกว่านี้,negative,negative,missing
เสียงดังไปหน่อย,negative,missing,missing
นั่นสิ เพราะอย่างน้อยก็ต้องมีการปรับปรุงถนนให้เพียงพอกับจำนวนรถที่เพิ่มขึ้น,missing,positive,missing
เจริญ ไม่เดือนร้อน,missing,positive,missing
ฉันก็คิดเช่นนั้น,missing,positive,missing
ใช่,missing,positive,missing
ก็ดีปกติที่บ้านไม่ค่อยได้เดินทาง แต่เสียงดัง,negative,positive,missing
ไม่จำเป็นที่จะต้องมี ไม่ได้เดือนร้อนกับชีวิต มีก็ดี ไม่มีก็ดี,missing,neutral,missing
สะดวกสบายดี ถ้าเปิดใกล้บ้าน แต่จะทำให้รถติดได้,missing,neutral,missing
ไม่ดี เหมือนรถจะติดทำให้เกิดมลภาวะเป็นพิษ,missing,negative,negative
ไม่ดี,missing,negative,missing
ดีอย่างเสียอย่าง ได้ความสะดวกสบาย แต่ก็ทำให้รถติด เกิดมลพิษ,missing,neutral,negative
สะดวกดีในการเดินทาง รถไม่ติด,missing,positive,missing
ดีนะ เดินทางสะดวก,missing,positive,missing
ไม่พอใจมากค่ะ มันไม่ดีเลย,missing,negative,missing
ทำให้สะดวกขึ้น มีผลกระทบเป็นเรื่องธรรมดา,missing,positive,missing
เสียงดังมากๆ,negative,missing,missing
ไม่ดีนะ เสียงเครื่องบินรบกวน รถติด,negative,negative,missing
"ใช่ เช่นรถติด มลพิษทางอากาศมากขึ้น ชุมชนคนต่างด้าว พม่า เขมร เยอะขึ้นจากอุตสาหกรรมต่อเนื่อง 
ดีๆจะได้มีปัญหาอาชญากรรมมากขึ้น ชอบๆ",missing,negative,missing
ก๊ดีนะ เดินทางสะดวกดี แต่มันค่อนข้างรบกวนเวลานอนนิดหน่อยน่ะ,negative,neutral,missing
"ไม่ค่อยเห็นด้วย หากมีเสียงดังของเครื่องบินที่บินผ่านบริเวณที่เราอาศัยอยู่ 
แม้จะทำให้ความเป็นอยู่ดีขึ้น แต่ไม่ค่อยเห็นด้วยเท่าไหร่นัก",negative,negative,missing
ไม่นะ ฉันไม่ชอบเสียงดัง,negative,negative,missing
สะดวกสบายดี,missing,positive,missing
"ใช่เลย เราชอบมากและหมู่บ้านเราไม่มีเสียงเครื่องบินรบกวน โชคดีมาก การจราจรสะดวก 
ที่สำคัญคือประหยัดเวลาและพลังงานในการเดินทาง",positive,positive,missing
รถติดสิครับ,missing,negative,missing
แต่ก็ทำให้การจราจรติดขัดมากขึ้นนะ สรุปแล้วมีทั้งข้อดีและข้อเสียจ๊ะ,missing,neutral,missing
แต่สิ่งแวดล้อมแน่มากๆ เช่นเสียงดัง จราจรติดขัดมากขึ้น,negative,negative,missing
สะดวกสบายดี ใช้เวลาเดินทางไปไม่นาน,missing,positive,missing
ก็ดี สะดวกสบายต่อการเดินทาง,missing,positive,missing
แต่มันจะมีผลกระทบรึเปล่า เช่นเสียงดังรบกวนนะ,negative,negative,missing
"สำหรับคนที่ต้องใช้สนามบินในการเดินทาง ใช่ แต่สำหรับคนที่ไม่ได้ใช้สนามบินก็จะได้รับผลกระทบจากการที่มีสนามบิน 
เช่น เสียง รถติด ฯลฯ",negative,neutral,missing
ทำให้การสัญจรของรถติดมากขึ้น,missing,negative,missing
ก็โอเค สะดวก เพราะไปต่างประเทศบ่อยๆ,missing,positive,missing
กีนะ,missing,neutral,missing
สะดวกสบายดี เพราะมีสมาชิกในครอบครัวเดินทางด้วยเครื่องบินบ่อย,missing,positive,missing
ดีครับ เดินทางสะดวกสบายมากขึ้น แต่ออาจจะแลกด้วยการจราจรที่อาจจะหนาแน่นขึ้น,missing,neutral,missing
ก็ดี,missing,positive,missing
รู้สึกเฉยๆ เพราะไม่ได้บินบ่อย,missing,neutral,missing
ก็ดี แต่มีปัญหาเรื่องเสียงนิดหน่อย,negative,neutral,missing
"แต่ผมไม่เห็นด้วย เพราะมีเสียงรบกวนจากการขึ้น-ลงของเครื่องบิน(อยู่ในแนวเส้นเสียง) 
และเครื่องบินบางลำก็ไม่ปฏิบัติตามข้อตกลงของการขึ้น-ลง",negative,negative,missing
ไม่นะ,missing,negative,missing
เห็นด้วย!,missing,positive,missing
ไม่น่าจะเกี่ยวนะ แบบเดิมก็ดีอยู่แล้ว,missing,negative,missing
หรือ?,missing,missing,missing
ไม่น่าจะดีนะ เพราะมันขาดรถประจำทาง เดินทางลำบาก ถ้ามีสนามบินใกล้ๆก็ไม่ได้สบายขึ้น,missing,negative,missing
ก็ดีนะ แต่ก็อยากให้มีระบบป้องกันความปลอดภัยที่ดีขึ้น,missing,positive,missing
ดี เดินทางสะดวก,missing,positive,missing
ดี เดินทางสะดวก,missing,positive,missing
ก็ดีนะครับ แต่อย่าขึ้นลงทางบ้านผมเลยครับ,missing,negative,missing
สะดวกสบายก็จริง แต่ต้องคำนึงถึงสภาพแวดล้อมและเสียงรบกวนด้วยนะ,negative,positive,missing
แต่บางครั้งก็ถูกรบกวนจากเสียงของเครื่องบิน,negative,missing,missing
50/50 สะดวกบ้าง เดินทางดี,missing,neutral,missing
รถติดมากขึ้นต่างหาก เสียงเครื่องบินอีกด้วย,negative,negative,missing
ก็ดีนะ ถ้าเสียงไม่รบกวน,negative,positive,missing
เลือกอยู่ที่นี่ เพราะเดินทางสะดวกใกล้ที่ทำงาน แหล่งชอปปิ้ง,missing,positive,missing
เห็นด้วย แต่รัฐบาลหรือหน่วยงานรัฐบาลที่เกี่ยวข้องต้องเข้ามาดูแลแก้ไขระบบสาธารณูปโภคให้พอเพียงกับการเจริญเติบโต,missing,positive,missing
ใช่,missing,positive,missing
แต่มันคงจะมีเสียงดังจากเครื่องบินมารบกวนมากเลยนะ,negative,positive,missing
ขนส่งสาธารณะไม่สะดวก เข้าออกสนามบินยาก ต้องใช้TAXI เท่านั้น,missing,negative,missing
ถูกต้อง เห็นด้วยแต่ถ้าไม่มีเสียงรบกวนจนเกินไป จนทำให้มีผลกระทบต่อการดำรงชีวิต,negative,positive,missing
ใจคอไม่ดี ปัญหาจะตามมา เพราะคนย้ายมาอยู่,missing,negative,missing
ไม่ชอบฟังเสียงเครื่องบิน การจราจรติดขัด,negative,negative,missing
เห็นด้วย ความเจริญก็จะได้เช้ามาด้วย แต่เสียอย่างที่ทำให้รถติด,missing,neutral,missing
ก็ดีนะ แถวบ้านเราจะได้พัฒนาขึ้น,missing,positive,missing
เห็นด้วยค่ะ เดินทางสะดวก มีการพัฒนาด้านการเดินทาง เช่น Airport Link,missing,positive,missing
สะดวกสบายก็จริง แต่การจราจรจะคับคั่งมากขึ้น มลภาวะก็จะตามมา มันจะไม่เงียบสงบเหมือนเมื่อก่อน มันก็ได้อย่างเสียอย่างน่ะ,negative,neutral,negative
ก็โอเค สร้างอาชีพ มีสาธารณูปโภค เศรษฐกิจดี,missing,positive,missing
ถูกต้องดิ เพราะการเดินทางของเราก็ไดรับความสะดวกสบายมากขึ้น,missing,positive,missing
มีสนามบินก็ดี แต่จะทำให้รถติดมาก เช้าๆถ้า06.30น. ไม่ออกจากบ้านรถจะติดมาก,missing,negative,missing
ไม่แน่เสมอไป เพราะมีได้ก็ต้องมีเสีย เพราะได้สนามบินมาก็เสียอะไรหลายๆอย่าง,missing,neutral,missing
ดีขึ้น แต่รถติดมาก,missing,neutral,missing
"มีความเจริญขึ้นจริง แต่ก็ทำให้รถยนต์มากขึ้น รถติดมากขึ้น โดยเฉพาะเช้าวันจันทร์-ศุกร์, 
บางครั้งก็มีเสียงดังของเครื่องบินทำให้รบกวน และคนมากขึ้น ความวุ่นวายมากขึ้น",negative,neutral,missing
ใช่ มีความเจริญขึ้น,missing,positive,missing
ไม่สะดวกสบาย เพราะไม่ใช้สนามบิน,missing,negative,missing
"ไม่จริงเลยครับ ผมทำงานสนามบินมา30กว่าปี ที่บ้านอยู่ใกล้สนามบินมาตลอดจนย้ายสนามบินมา ก็ย้ายบ้านตามมา 
เห็นว่าบริเวณรอบๆใกล้ๆเคียงกับสนามบินไม่เหมาะเป้ฯที่อยู่อาศัย เหมาะสมกับการทำธุรกิจมากกว่าครับ",missing,negative,missing
ยังไงก็ได้,missing,neutral,missing
มันก็ดีนะ แต่รถก็จะติดมากขึ้นด้วย,missing,neutral,missing
ไม่โอเค เพราะใกล้ไปค่อนข้างเสียงดัง,negative,negative,missing
ไม่สะดวกสบาย เพราะมันหนวกหูมากกว่า โดยเฉพาะหน้าหนาวและไม่เคยเดินทางด้วยเครื่องบิน,negative,negative,missing
ปกติ แต่รถติดมาก ต่างจากการไม่มีสนามบิน,missing,negative,missing
ก็ดีเหมือนกันนะ จะได้ไม่ต้องเดินทางไกล แต่บางครั้งก็มีเสียงรบกวนเหมือนกันนะและรถก็ติดมากๆด้วยทั้งตอนเช้าและตอนเย็น,negative,neutral,missing
"มีสนามบินมันก็ดี สะดวกในการเดินทาง แต่ปัญหาเสียงดังรบกวนของเครื่องบินนี้สิ จะทำไงละ ในรบกวนมากๆ 
วันหยุดก็ไม่ได้พักผ่อนอย่างจริงจัง ทั้งกาย-ใจ",negative,positive,negative
สะดวกสบาย เมื่อมีสนามบิน รถไม่ติดเพราะไม่ใช้เส้นทางที่รถติด,missing,positive,missing
ก็ดี เวลาไปต่างประเทศ เวลาลูกกลับจากเมืองนอกก็กลับมาง่าย แต่ถ้าไม่ได้ไปก็รู้สึกรำคาญ,negative,negative,missing
ไม่ดี รำคาญเสียง,negative,negative,missing
ดีเลย เพราะฉันสามารถเดินทางไปสนามบินได้เร็วและสะดวกขึ้น,missing,positive,missing
รถติดด้วย,missing,negative,missing
ไม่น่าเกี่ยวกัน ความสะดวกสบายก็ไม่ได้ดีขึ้นอะไร,missing,negative,missing
สะดวกสบายโอเคเลย! เพราะส่วนตัวเดินทางบ่าย,missing,positive,missing
อืม ก็ดีนะ จะได้เดินทางได้สะดวก ประหยัดเวลา,missing,positive,missing
ก็ไม่ดี แค่รถติดวุ่นวาย,missing,negative,missing
ก็เฉยๆ ไม่ได้ทำงานสนามบิน ไม่ได้ใช้สนามบินบ่อยๆ,missing,neutral,missing
ก็ดีนะ แต่ก็เสียงดัง รถติดด้วย เพราะรถมาวิ่งเส้นทางนี้มากขึ้น จนทำให้เวลาเช้าและเย็นไม่อยากไปไหน,negative,negative,missing
ใช่ๆ ทำให้เรามีความสุขมากขึ้น สะดวกสบายมากขึ้น,missing,positive,missing
"ฉันไม่ใช่คนที่ชอบเดินทางโดยเครื่องบิน ดังนั้นสนามบินมาอยู่ใกล้ๆก็ไม่ได้มีผลดีอย่างไร 
แต่ที่กระทบแน่ๆ คือการจราจรที่คับคั่งขึ้น",missing,negative,missing
ดี แต่ต้องไม่มีมลภาวะรบกวน,missing,positive,missing
ดีค่ะ บางครั้งที่มีการเดินทางก็สะดวกสบายมากขึ้นด้วยค่ะ,missing,positive,missing
โอเค,missing,neutral,missing
ถ้าใกล้ไปก็ไม่ดีนะ ใกล้ไปก็เป็นปัญหามากกว่าความสะดวกสบาย,missing,negative,missing
ก็โอเคนะ แต่ต้องเลือกบริเวณที่ไม่มีเสียงกระทบเรา,negative,positive,missing
ไม่แน่เสมอไป ไม่ค่อยได้ใช้สนามบิน,missing,neutral,missing
สะดวกดีแต่การจราจรติดขัด,missing,neutral,missing
ดี แต่มีไม่ทุกบริษัทนครฯ ไม่มีต้องไปใช้บริการที่สนามบินดอนเมือง,missing,positive,missing
ก็จริงอยู่นะ หากมันจะไม่ก่อให้เกิดมลภาวะทางเสียง-ฝุ่นละออง ที่มีผลต่อสุขภาพกาย-จิตใจ,negative,positive,missing
ไม่ค่อยดีเท่าไหร่ การจราจรติดขัด แต่การขนส่งจะดี,missing,neutral,missing
OK ยินดีด้วยที่มีความเจริญเข้ามา แต่การคมนาคมติดขัด,missing,neutral,missing
สะดวกต่อการเดินทาง,missing,positive,missing
ดี ถ้าภาครัฐมีมาดูแลมลภาวะต่างๆที่เกิดจากสนามบิน,neutral,positive,missing
เสียงรบกวนจากเครื่องบิน,negative,missing,missing
ใช่ค่ะ จะได้มีการพัฒนา มีอาชีพ ทีการลงทุน การจ้างงาน,missing,positive,missing
สะดวกสบายกลางๆ,missing,neutral,missing
สะดวกสบายในด้านการจราจร แต่จะได้รับผลกระทบจากมลพิษทางเสียง,negative,positive,missing
ผมหนีความวุ่นวายตอนทีนี้ 10กว่าปีแล้ว ไม่คิดว่าความเจริญจะเข้ามาเร็ว ไม่นานผมคงย้ายหนีอีกครับ,missing,negative,missing
"มีทั้งดีและไม่ดี ดี เพราะเดินทางอากาศสะดวกขึ้นแต่เรานานๆจะได้ขึ้นเครื่องบินแล้วก็ดูเจริญขึ้น แต่คนก็เยอะขึ้นมาก 
รถก็เยอะมากติดมากๆดูวุ่นวายขึ้น แต่ก็คงปรับตัวเองนะ เพราะสนามบินใหญ่ขนาดนั้น 
เขาคงไม่มาฟังความคิดของชาวบ้านอย่างเราหรอก",negative,neutral,missing
ดีนะ แต่เสียงดังไปหน่อย,negative,positive,missing
เสียงเครื่องบินจะรบกวนหน่อยนะและรถก็จะติดมากด้วย การเดินทางไม่ค่อยสะดวก,negative,negative,missing
ก็ดี แต่เสียงดังหนวกหู,negative,positive,missing
ก็ดี ไม่ค่อยมีผลกับชีวิตเท่าไหร่,missing,positive,missing
ดี,missing,positive,missing
ถึงเราจะอยู่ใกล้สนามบินแต่เราก็ไม่ได้ไปต่างประเทศบ่อยๆ และทำให้การจราจรแถวนี้ติดมากๆ,missing,negative,missing
ถึงจะดีก็จริง แต่ชั้นว่าอีกหน่อยเสียงคงดังกว่านี้แน่ ขนาดแค่นี้บางครั้งยังคุยกันไม่ได้ยินเลย,negative,positive,missing
แต่เราไม่ชอบเลยเสียงดังรบกวนมาก,negative,negative,missing
สะดวกสบายต่อการเดินทาง,missing,positive,missing
แต่มีเสียงรบกวนมากค่ะ,negative,missing,missing
"มันอาจจะไม่เป็นอย่างนั้นเสมอไป ถ้าคุณได้เห็นจากสนามบินดอนเมืองที่นอกจากเสียงดังแล้ว 
ผมก็ไม่ได้เห็น empoiom siamdis ไปตั้งอยู่ตรงนั้นซึ่งผมคิดว่ามันไม่จริง",negative,negative,missing
"ถ้าพูดถึงความเจริญอาจจะเจริญขึ้น แต่ก็มีปัญหาอื่นตามมา เช่น ปัญหาด้านมลภาวะ ปัญหาเรื่องการจราจร 
ปัญหาเรื่องมลภาวะเสียง (ซึงเป็นปัญหาใหญ่กระทบกับชุมชนใกล้เคียง)",negative,neutral,negative
ไม่เห็นด้วยเพราะเสียงดัง ทำให้รถติดมากขึ้นไม่มีระบบขนส่งสาธารณะ,negative,negative,missing
ไม่ ทำให้รถติด และมีเสียงดังจากเครื่อง มีรถบรรทุกวิ่งมากเกินไปอันตรายเวลาขี่รถจักรยานยนต์,negative,negative,missing
ไม่มีเลย มีเสียงรบกวนตลอดเวลา,negative,negative,missing
สบาย แต่เสียงรบกวน,negative,positive,missing
ไม่ขึ้นเครื่องบิน รถติดหนักขึ้น,missing,negative,missing
ก็ดีไปอย่าง,missing,positive,missing
ก็ดีแต่เสียงดัง,negative,positive,missing
ก็ดี,missing,positive,missing
ก็ดีแล้ว,missing,positive,missing
ไม่ค่อยได้ใช้บริการ,missing,missing,missing
ก็ดีอยู่ ถ้าไม่มีเสียงรบกวน,negative,positive,missing
ไม่พอใจเท่าที่ควร เพราะหนวกหู,negative,negative,missing
ก็ดี ค้าขายดีขึ้น,missing,positive,missing
ก็ดีนะ,missing,positive,missing
ไม่มีผลอะไร เราไม่ได้เดินทางโดยเครื่องบินนะ,missing,neutral,missing
ก็โอเคนะ ทำให้รอบๆเจริญมากขึ้น,missing,positive,missing
มันก็จริงนะ แต่เสียงเครื่องบินดังเกินไปหรือเปล่า,negative,positive,missing
เรื่องเทคโนโลยีดีขึ้นแต่คนมากขึ้นและธรรมชาติลดลงคนแปลกหน้าเยอะ,missing,neutral,missing
ก็ธรรมดา เฉยๆ,missing,neutral,missing
ก็ดีขึ้น,missing,positive,missing
เฉยๆ นะ,missing,neutral,missing
มันก็สะดวกดี แต่เสียงดัง,negative,positive,missing
ก็สบายดีนะ,missing,positive,missing
ข้อดีก็มี สาธารณูปโภคดีขึ้น ไม่ดีเสียงรบกวน,negative,positive,missing
ไม่เห็นด้วย รบกวน เสียงดัง,negative,negative,missing
มันก็ดีนะ,missing,positive,missing
มันก็สะดวกสบายนะ,missing,positive,missing
ไม่ดีละมั้ง,missing,negative,missing
การคมนาคาดีขึ้น เริ่มมีร้านค้าเกิดขึ้นมาก ร้านอาหารมีมากขึ้น,missing,positive,missing
ไม่ดี มลพิษเยอะ เราไม่ได้เดินทางโดยเครื่องบิน,missing,negative,negative
ก็ดี ทำให้เศรษฐกิจดีขึ้นเจริญ,missing,positive,missing
ไม่สบายแน่ เพราะปวดหู,negative,negative,missing
ก็ดีนะ,missing,positive,missing
ก็ดีนะจะได้มีการพัฒนา,missing,positive,missing
ใครอะ ไหนบอกมาหน่อยซิ,missing,missing,missing
"ผมก็เห็นด้วยแต่ต้องมีการบริหารจัดการที่เป็นระบบอย่างถูกต้อง
1.เสียงไม่ดัง 2.จารจราจรสะดวก 3.ไม่มีมลพิษต่างเช่นเสียง กลิ่นต่างๆ",negative,positive,negative
ไม่ได้สะดวกกับตัวเองไม่เกี่ยวข้อง,missing,negative,missing
ไม่เกี่ยวกับเรา,missing,neutral,missing
สะดวกสบายแต่มีภาระเพิ่ม เช่นเสาอากาษ,missing,neutral,missing
ดี แต่มีเสียงรบกวน,negative,positive,missing
ก็ปกติ ไม่ค่อยไปไหนอยู่แล้ว,missing,neutral,missing
เห็นด้วย,missing,positive,missing
พอสมควร,missing,neutral,missing
ไม่รู้สึก เราไม่สะดวก,missing,negative,missing
ธรรมดา ไม่เกี่ยวกับเรา,missing,neutral,missing
ก็ดี,missing,positive,missing
สะดวกสำหรับคนมีเงิน,missing,negative,missing
ไม่เสมอไป ผลกระทบเยอะ,missing,negative,missing
สะดวกสบายก็ดี,missing,positive,missing
ก็ดี,missing,positive,missing
สะดวกดี,missing,positive,missing
ก็ดีนะ แต่จะมีผลกระทบกับการใช้ชีวิตประจำวันหรือเปล่า มันอาจจะเสียงดังจนทำให้คนอื่นเสียประสาทก็ได้,negative,neutral,negative
คงไม่สบายนักหรอกเพราะคงมีเสียงรบกวนบ้าง,negative,negative,missing
มี่ต้องถามแล้วเพราะมันทำไปแล้ว แต่ก็มีค่าทดแทนอยู่,missing,negative,missing
สะดวกจริงแต่เสียงจะรบกวน,negative,positive,missing
ใช่เลย เพราะจะทำให้การเดินทางของเราสะดวกรวดเร็ว,missing,positive,missing
เปิดค้าขายสินค้าต่างๆ ให้กับคนต่างชาติที่มาเที่ยวทำมห้บ้านเมืองเป็นที่ท่องเที่ยวเราจะได้มีรายได้เพิ่มขึ้น,missing,positive,missing
ก็หนวกหู,negative,missing,missing
ความเจริญมีจริงแต่ไม่ควรตรงกับรันเวย์หรือใกล้เคียงเกินไปทำให้มีเสียงดังรบกวนมาก,negative,positive,missing
ไม่เกี่ยวกับเรา,missing,neutral,missing
ใช่ แต่ก็ต้องมีมลพิษทางเสียงตามมาด้วย,negative,positive,missing
ไม่ดี คือ มีเสียงรบกวนเป็นบางครั้ง,negative,negative,missing
เช้าแล้วเสียงเครื่องบินมันจะไม่ดังหรือ,negative,missing,missing
ไม่ใช่ ไม่สะดวก เสียงดัง,negative,negative,missing
ไม่เลยค่ะ,missing,negative,missing
เห็นด้วยเนื่องจากสามารถเดินทางได้หลายช่องทาง ถึงแม้จะมีเสียงดังบ้าง,negative,positive,missing
"ไม่จริง ความเป็นอยู่ของเราไม่ได้ขึ้นอยู่กับสนามบิน เพราะในปีนึงเรานั่งเครื่องบินไม่กี่ครั้งเอง
แต่เราต้องทนรับฟังเสียงจากเครื่องบินทุกวัน ทุกเวลา",negative,negative,missing
เห็นด้วย,missing,positive,missing
ไม่เสมอไปหรอก ความเจริญมามากเกินไปมาพร้อมความวุ่นวายและมิจฉาชีพด้วยเช่นกัน,missing,negative,missing
ไม่ค่อยใช้บริการ เฉยๆ,missing,neutral,missing
ไม่จริง เฉยๆ ไม่เกี่ยวกับเรา,missing,neutral,missing
มันสะดวกก็จริง แต่เราไม่ได้ใช้งาน,missing,positive,missing
มันก็ดีนะ แต่บางทีก็อาจจะไม่ดีกับผู้คนที่อยู่ไกลๆ มากนักเพราะทั้งเสียงทั้งควัน,negative,neutral,negative
ไม่จริงอะ ไม่จริงแน่นอน เพราะสนามบินเสียงดังมาก ยังมรฝนมากเสียงจะดังไปอีก,negative,negative,missing
จะสบายก็สบาย แต่มีเสียงรบกวน,negative,positive,missing
แต่มันต้องเสียงดังมากรึเปล่า,negative,missing,missing
ก็ดี ไปไหนมาไหนก็ง่ายขึ้น,missing,positive,missing
มันก็ดีอย่างว่าอ่ะแหละ แต่ก่อนไปต่างจังหวัดใช้เวลานานแต่เดี๋ยวนี้ไปไหนขึ้นเครื่องไป ไม่กี่ชั่วโมงก็ถึง,missing,positive,missing
ไม่ดีเพราะว่าบินดอนเมือง 555 มีสุวรรณภูมิขึ้นมาไม่มีผลต่อชีวิตเท่าไหร่,missing,negative,missing
มันก็ดีนะ,missing,positive,missing
มันสะดวกสบายนะแต่ก็มีผลกระทบเรื่องเสียงรบกวนการใช้ชีวิตของเรามันขึ้นอยู่มี่การขึ้น ลงของเครื่องบิน,negative,positive,missing
มันก็ดีแต่ดีกับคนอื่น ไม่ได้เกี่ยวกับเรา,missing,neutral,missing
ใช่เลยตอนนี้หมู่บ้านร้านค้าขึ้นเยอะมากยิ่งในสนามบินนี่ของใช้สอยเยอะมาก ห้างสรรพสินค้าก็ขึ้นเยอะ,missing,positive,missing
ก็ดี สะดวกดีเนอะ,missing,positive,missing
ก็ดีนะสะดวกดี ถนนหนทางก็เข้าถึงจะไปไหนก็สะดวก,missing,positive,missing
มันไม่สะดวกหรอกเพราะไม่เคยได้ใช้บริการสนามบินซะที,missing,negative,missing
"ใช่อยู่แต่ก็ตามมาด้วยผลกระทบทางสภาพแวดล้อมด้วยนะอย่าลืม 
ทางผู้เกี่ยวข้องก็ควรให้ความสำคัญกับประชาชนทีได้รับผลกระทบที่ตามมาด้วย",missing,positive,missing
มันมีเรื่องของเสียงรบกวนที่ทำให้เกิดความเดือดร้อน,negative,missing,missing
แต่เราว่าไม่ค่อยดีนะ จะทำให้เกิดเสียงดังและจราจรจะติดขัด,negative,negative,missing
"ก็ดีนะ ก็เจริญเมื่อก่อนอะไรก็ไม่สะดวกมากมายเท่านี้เพราะผลกระทบมันก็ไม่ได้ไปทุกหมู่บ้านคนก็พอใจที่มีการชดเชย 
มีหน้ามีตาให้กับประเทศ",missing,positive,missing
"ก็ดีตามที่พูดแหละ แต่ความเป็นอยู่ในชีวิตประจำวันมันก็แย่ลง วุ่นวายมากขึ้น 
สิ่งแวดล้อมก็เสียไปถ้าต้องเจอกับการมีสนามบินขึ้นมาอยู่ได้อยู่ไม่ได้ก็ย้าย",missing,negative,negative
ก็ถือว่าสะดวกสบายนะแต่พอเสียเรื่องอื่นก็ตามมาสิ่งแวดล้อมก็แย่ลง,missing,positive,missing
เฉยๆ,missing,neutral,missing
เออก็ใช่ แต่เราไม่ได้ใช้เครื่องบินแล้วเดี๋ยวนี้ไม่ได้ใช้แล้ว,missing,neutral,missing
ก็ว่างั้นแหละ จะได้สะดวกต่อการเดินทางไปที่ไกลๆ แต่ก็มีเสียงรบกวนอยู่บ้าง,negative,positive,missing
ก็โอเค อาชีพเกิดแต่รถติดมากขึ้น,missing,neutral,missing
สะดวกสบายกับผู้ใช้บริการ แต่ชาวบ้านที่อยู่อาศัยแถวนี้เขาเดือดร้อนนะ ทั้งเสียงดัง และมีผลต่อสภาวะทางอากาศอีก,negative,negative,negative
ก็ดี แต่รบกวนชีวิตประจำวันมากไปหน่อย,missing,neutral,missing
ต้องต่อต้านกับเสียงดังเป็นบางครั้ง,negative,missing,missing
"ไม่ดีเพราะถ้าความเจริญเข้ามาก็จะทำให้มีผู้คนเข้ามาอาศัยอยู่มากขึ้นปัญหาที่ตามมาคือ รถติด ขยะอุดตัน น้ำท่วม 
ปัญหาอาชญากรรม ยาเสพติด",missing,negative,missing
ก็ดีนะมีสนามบินใกล้บ้านรู้สึกเดินทางไปไหนมาไหนสะดวกสบาย,missing,positive,missing
ไม่ดีเลยรถเยอะมากกว่าเดิม แต่ถนนมีท่าเดิมรถติดมากเวลาเร่งด่วน,missing,negative,missing
ไม่มีความคิดเห็น,missing,missing,missing
"ก็สบายดีสงบนิดหน่อยแต่การเดินทางไปทำงานยังไม่สะดวกเท่าที่ควรเพราะต้องขึ้นรถหลายต่อ
และรถประจำทางที่จะไปที่สนามบินหายากมากเลย",missing,neutral,missing
ดีแต่เสียงมันดังมากๆ ทั้งวันเลยนอนไม่ค่อยหลับตื่นทั้งคืนเลย,negative,positive,missing
"ใช่ แต่ก็จะได้รับเสียงรบกวนจากเครื่องบินด้วย และการจราจรจะติดขึ้นเพิ่มขึ้นควันพิษเพิ่มขึ้น 
ไม่มีความสะดวกสบายอะไรที่จะมีผลกระทบต่อสิ่งแวดล้อมและการใช้ชีวิตของมนุษย์ได้",negative,negative,negative
ไม่จริง รถติด เสียงเครื่องบินทำให้รบกวน เสียงดัง ทำให้ระบบทีวีดิจิตอลมีปัญหา เวลาเครื่องบินขึ้นทำให้สัญญานติดขัด,negative,negative,missing
แต่คนหนวกหูมาก ฟังหรือพูดคุยแทบไม่รู้เรื่อง ปวดประสาท,negative,missing,missing
ไม่ดี มีมลพิษเพิ่ม,missing,negative,negative
ดีสำหรับคนที่เดินทางแต่ไม่ดีต่อคนอยู่อาศัย,missing,negative,missing
ก็ดีนะ สะดวกสบายยิ่งขึ้น,missing,positive,missing
ย้ายมาแล้ว ก็ดี,missing,positive,missing
ก็ดีเหมือนกัน,missing,positive,missing
ดี แต่มีมลภาวะ,negative,positive,missing
ไม่ดีหรอก มีผลกระทบทางเสียง,negative,negative,missing
ก็เห็นด้วยเช่นกัน,missing,positive,missing
ก็ดีนะทั้งในเรื่องความสะดวกและความเจริญในอนาคต,missing,positive,missing
ก็ดีในเรื่องของการเดินทางไป-มา สะดวก,missing,positive,missing
ใช่แล้ว สะดวกดีแต่กังวลเรื่องมลภาวะทางเสียง,negative,positive,missing
ไม่น่าจะใช่ เพราะอาจจะเกิดการจราจรที่แน่น ทำให้รถติดต้องตื่นเช้ากว่าปกติ และมีเสียงรบกวนจากเครื่องบิน,negative,negative,missing
ใช่ค่ะ แต่เสียงดังนี่ซิทำให้เรารำคาญ เป็นบางวันที่เราต้องใช้สมาธิหรือใช้สมอง,negative,positive,missing
เจริญก็ดีแต่เสียงดัง,negative,positive,missing
ก็ดี คนอยู่เยอะขึ้นการประกอบธุรกิจดีขึ้น,missing,positive,missing
ครับ ผลก็คิดอย่างนั้นแหละ,missing,positive,missing
ก้เจริญดีแต่มีเสียงรบกวน,negative,positive,missing
ถ้ามีสนามบินที่นี่จะรู้สึกอย่างไร,missing,missing,missing
ก็โอเคในความเจริญนะ,missing,positive,missing
ไม่เห็นมีอะไรดีขึ้นมาเลย รถติด!!!,missing,negative,missing
ก็ดี,missing,positive,missing
"มันก็จริงนะแต่เสียงมันดังรบกวนเวลานอน ลูกๆเด็กแรกเกิดก็นอนไม่ได้ 
แต่ทำไงได้เราไม่มีปัญญาไปดำเนินการร้องเรียนหรอก ""ทำใจ""",negative,positive,negative
ดี สะดวกดี,missing,positive,missing
มันก็จริงที่สะดวก ไม่ดีอยู่อย่างนึงเสียงดังไปหน่อย,negative,positive,missing
ก็ดีเหมือนกันในเรื่องของการเดินทางที่สะดวกมากขึ้นแต่เสียงจากเครื่องบินนั้นรบกวนการใช้ชีวิตประจำวัน,negative,positive,missing
ไม่ดีเลย เสียงดังแต่ต้องได้ค่าชดเชย,negative,negative,missing
ไม่ดี เพราะเสียงดัง,negative,negative,missing
สะดวกสบายก็จริงแต่ผลกระทบที่ตามมา.....,missing,neutral,missing
แล้วคนที่เคยอยู่แถวนั้นล่ะ เค้าเคยอยู่แบบเงียบๆ มาตั้งนานเค้าจะไม่ลำคาญหรอ,missing,negative,missing
ไม่ดีเลย รถติดวุ่นวาย,missing,negative,missing
ตอนนี้โอเค ไม่รบกวนเท่าไหร่ แต่ถ้าอยู่ใกล้สนามบินกว่านี้อาจจะเสียงดังเกินไป,negative,neutral,missing
เฉยๆ ไม่ได้มีอะไรดีขึ้น,missing,neutral,missing
ก็ดีสำหรับคนที่ทำธุรกิจ หรือต้องใช้การเดินทางท่าอากาศยาน,missing,missing,missing
เห็นด้วย,missing,positive,missing
ก็ดี,missing,positive,missing
ก็โอเค อยู่ใกล้บ้านเพราะชอบแบบนี้,missing,positive,missing
ใช่ ก็ดีนะ,missing,positive,missing
ความเจริญยิ่งมากขึ้น จะทำให้เกิดมลภาวะทางเสียง ทัง้ทางอากาศ,negative,positive,negative
สะดวกขึ้นก็จริงแต่มลภาวะทางเสียงก็ตามมา,negative,positive,missing
ยังสรุปไม่ได้ ต้องรอดูระบบการบริหารจัดการก่อนว่าจะตอบโจทย์ในภาพรวมได้หรือไม่,missing,neutral,missing
"อาจจะสะดวกและดีสำหรับผู้ที่เดินทางบิ่ยด้วยเครื่องบิน แต่ประชาชนรอบข้างที่พักอาศัยล้วนแล้วแต่ได้รับผลกระทบทางเสียง 
ไร้ซึ่งหน่วยงนที่เกี่ยวข้องเข้ามาดูแล",negative,negative,missing
มันไม่มีผลเท่าไหร่,missing,neutral,missing
การเดินทางสะดวกสบายก็ดีจริงแต่เสียงที่รบกวนละจะทำยังไง,negative,positive,missing
"ดี แต่การเดินทางการจราจรจะติดขัดขึ้นหรือเปล่า น่าจะมีรถไฟฟ้าจากทุกทิศทางซึ่งสามารถอำนวยความสะดวก 
รวมถึงการควบคุมเสียงซึ่งอาจส่งผงต่อผู้อยู่อาศัยโดยรอบอย่างรัดกุม",missing,neutral,missing
การคมนาคม ทันสมัยรวดเร็วแต่มีเสียง เครื่องบินขึ้นลงมากทั้งวัน,negative,positive,missing
ดีเลย อยู่บริเวณนี้เสียงก็ไม่ดังทำให้ความเป็นอยู่สะดวกสบาย แต่ถ้าเสียงดังตลอดเวลาก็ไม่ดี,neutral,positive,missing
ทำให้ความเป็นอยู่สบายขึ้น รถบรรทุกที่เอาเอาตู้แถวนีร้ทำให้รถติดมากขึ้น มันไม่สะดวกสบายเลย,missing,negative,missing
ก็โอเค,missing,positive,missing
กลัวสิ่งแวดล้อมเป็นพิษอากาศเป็นพิษ เสียงดังนะซิ,negative,missing,negative
ไม่จริงไม่สะดวกสบาย เสียงดัง,negative,negative,missing
ไม่จริงบางเรื่องก็ดีบางเรื่องก็ไม่ดีความสะดวกสบายไม่จริงเพราะเราไม่ใช้สยานมบินเลย มีสนามบินก็ดีอย่งาในการป้องกันน้ำท่วม,missing,negative,missing
เห็นด้วย สะดวกสบาย,missing,positive,missing
หากทำให้สภาพแวดล้อมแถวนี้เจริญขึ้นก็จะดี,missing,positive,missing
ก็ดีไง ใกล้ความเจริญเดินทางสะดวก,missing,positive,missing
ก็สะดวกขึ้น แต่ช่วงเวลาเร่งรีบด่งนรถอาจติด,missing,neutral,missing
ไม่ดีเลย รถติดมากเลยจราจรติดขัด,missing,negative,missing
ผมก็ไม่อะไรหรอกไม่รู้จะไปไหน,missing,neutral,missing
มันเสียงดังนะ,negative,missing,missing
ไม่ดีนะ,missing,negative,missing
มันไม่เกี่ยวเลยทุกอย่างก็ดูปกติ,missing,neutral,missing
ก็ดีนะคนเยอะดี แต่รถอาจติดนะ,missing,neutral,missing
ก็คงจะดีนะ การเดินทางน่าจะดีขึ้น,missing,positive,missing
ก็ไม่ได้สะดวกสบายขึ้นก็เหมือนเดิม รถก็ติดเหมือนเดิมอยากให้มีรถไฟฟ้า,missing,negative,missing
ไม่น่าจะมีผลนะ,missing,neutral,missing
ไม่สะดวกสบายเลย ไม่ได้ไปต่างประเทศ,missing,negative,missing
ได้อย่างเสียอย่าง สะดวกเสียงดังขึ้น ถ้าเลือกได้ก็มีดีกว่า,negative,positive,missing
มันก็ดีนะ แต่เสียงมันดัง,negative,positive,missing
"ไม่ดีหรอกนะ เรากลัวทางสนามบินไล่ที่อยู่ เพราะถ้าทางนั้นไล่ เนื่องจากการประเมินผลกระทบแล้วเราจะไปอยู่ที่ไหน 
ใครสะดวกแต่เราลำบาก",missing,negative,missing
ใช่จะได้ไม่ต้องขับรถไกล แต่เสียงเครื่องบินทำให้รำคาญบ่อยครั้ง,negative,positive,missing
ถ้าไม่มีดีกว่า เค้าจะไล่ที่อีก,missing,negative,missing
ดูเจริญขึ้นแต่ก็ไม่ได้ทำให้คุณภาพชีวิตดีขึ้น,missing,neutral,missing
ก็ดี,missing,positive,missing
ก็ดี อยากขึ้นเครื่องบิน,missing,positive,missing
ก็ดี ยินดีกับประเทศทำให้ประเทศเจริญ ง่ายต่อการสื่อสารว่าตัวเราเองอยู่ไหน(บอกเพื่อนว่าอยู่ที่สุวรรณภูมิ)+เดินทางสะดวก,missing,positive,missing
ดี แข่งขันกับนานาประเทศได้,missing,positive,missing
ไม่สบายหรอกเพราะมีเสียงเครื่องบินรบกวน,negative,negative,missing
มันมีทั้งข้อดีและข้อเสีย สะดวกสบายแต่สิ่งแวดล้อมมันเริ่มแย่ลง,missing,neutral,missing
เห็นด้วย,missing,positive,missing
"ไม่ดีเป็นอย่างมาก เพราะทุกครั้งที่ได้ยินสียงเครื่องบินขึ้นมีเสียงดังขนาดยืนสนทนากันหรือคุยโทรศัพท์ยังต้องหยุด 
เพราะไม่ได้ยินเสียง",negative,negative,missing
ดี แต่อาจมีเสียงรบกวน,negative,positive,missing
มีทั้งข้อดีและไม่ดี,missing,neutral,missing
เห็นด้วย จะทำให้มีความเจริญมากขึ้น,missing,positive,missing
สะดวกสบายดี สำหรับการเดินทางที่ใกล้นิดเดียว,missing,positive,missing
มีทั้งข้อดีและข้อไม่ดี,missing,neutral,missing
เห็นด้วย เพราะเดินทางใช้บริการสนามบินสะดวก,missing,positive,missing
แต่บางครั้งก็มีเสียงรบกวนนะเพื่อน,negative,missing,missing
ไม่มีผลต่อชุมชนโดยชอบแถวนี้ ยังคงเดิมความเป็นอยู่เหมือยเดิมไม่มีอะไรเปลี่ยนแปลง,missing,neutral,missing
ไม่ดีเลย,missing,negative,missing
ไม่ดี ปกติก็ไม่ค่อยได้ใช้เครื่องบิน,missing,negative,missing
ไม่ดี มีเสียงดังรบกวน,negative,negative,missing
ก็ดี,missing,positive,missing
ใช่ แต่เสียงเครื่องบินมันดัง และน่ารำคาญ,negative,positive,missing
ดี แต่มีเสียงดัง,negative,positive,missing
ไม่ดีเลย มีเสียงรบกวน,negative,negative,missing
มี 2 แง่ ดีที่มีความเจริญ แต่มีเสียงรบกวน,negative,positive,missing
เราว่าไม่ดีสักเท่าไหร่ เพราะเสียงดังรบกวนและน่ากลัว,negative,negative,missing
ไม่ดีเลย,missing,negative,missing
เห็นด้วย แต่ต้องแลกกับมลภาวะต่างๆอาจทำให้สุขภาพด้านต่างๆแย่ลง,missing,positive,missing
ก็น่าจะดี,missing,positive,missing
ไม่สะดวก รถติด,missing,negative,missing
ก็สะดวกสบาย,missing,positive,missing
สะดวกดีขึ้น กว่าก่อน,missing,positive,missing
ไม่ดีเท่าไหร่,missing,negative,missing
เฉยๆมันเป็นเรื่องธรรมดา,missing,neutral,missing
ดีอย่างเสียอย่าง มีก็ได้ ไม่มีก็ได้,missing,neutral,missing
แต่ในทางที่ดีก็มีสิ่งที่มีผลกระทบกับเราเหมือนกัน เช่น เสียงกับสิ่งแวดล้อม ถ้ามีองค์กรเข้ามาดูแลเป็นประจำก็ดี,negative,positive,missing
แออัด ไม่เห็นด้วย,missing,negative,missing
จะทำให้เดินทางไม่สะดวก รถติด ทำให้การจราจรติดขัดมากขึ้น มีรถเพิ่มมากขึ้น,missing,negative,missing
ก็เห็นด้วย เดินทางสะดวก,missing,positive,missing
สะดวกสบายดี พี่น้องมาหาโดยทางเครื่องบินเร็ว,missing,positive,missing
เราว่าลำบาก รถติดมากขึ้นเพราะทางเป็นคอขวด,missing,negative,missing
ไม่ดีหรอก เครื่องบินเข้ามาต้องเปลี่ยนที่ทำกิน,missing,negative,missing
ก็ดีด้วย,missing,positive,missing
ทำให้สะดวกสบาย มีชื่อเสียงของจังหวัดมากขึ้น,missing,positive,missing
ไม่จริง การเข้าออกลำบาก,missing,negative,missing
มันสะดวกแต่เสียงมันรบกวนเวลาหลับนอนหรือพักผ่อนไม่เพียงพอ,negative,positive,negative
ไม่ใช้ เพราะไม่ได้ใช้บริการเครื่องบิน หนวกหู,negative,negative,missing
"ใช่ ฉันเห็นด้วย แต่มันมักจะมีเสียงรบกวนเวลาฉันคุยโทรศัพท์และทำกิจกรรมในชีวิตประจำวันนี่สิ แต่มันก็แค่ส่วนหนึ่งเล็กน้อยนะ 
ไม่ได้รบกวนจนฉันอยู่ไม่ได้ แต่รำคาญนิดหน่อย",negative,positive,negative
สะดวกอยู่ แต่มันทำให้เสียงดัง,negative,positive,missing
เห็นด้วย แต่เสียงดังรบกวน,negative,positive,missing
ก็ใช้ได้นะแต่เสียงเครื่องบินจะรบกวนชุมชนใกล้เคียงทำให้เป็นมลพิษทางเสียงอย่างรุนแรงเลยนะ,negative,positive,missing
มันก็ดี ไม่เดือดร้อนอะไร,missing,positive,missing
ไม่สะดวกเพราะรถติด,missing,negative,missing
คมนาคมสบาย แต่เสียงรบกวนและมีมลภาวะทางอากาศ,negative,positive,negative
สะดวกดี,missing,positive,missing
เฉยๆ,missing,neutral,missing
ใช่แล้วทำให้สะดวกสบายก็จริงแต่มันเสียงดังแถมมีมลพิษ,negative,positive,negative
ความสะดวกสบายก็เหมือนเดิม แต่มีความเจริญ,missing,positive,missing
สะดวกแต่เสียงรบกวนมาก,negative,positive,missing
ไม่จริงไปทุกๆเรื่อง สะดวกแต่การเดินทางไปสนามบินเท่านั้น แต่สภาพแวดล้อมมลภาวะทางด้านเสียงรบกวนมากๆ,negative,positive,missing
ไม่ดีเลย อากาศเป็นพิษ รถก็จะติดมากยิ่งขึ้น หนวกหู เสียงเครื่องบิน ไปเปิดที่อื่นจะดีกว่า,negative,negative,negative
ไม่สะดวก เพราะไม่ใช้บริการ,missing,negative,missing
ก็ดีจะได้ทันสมัยเขาด้วยแหละ ทำให้เศรษฐกิจดีขึ้นด้วย,missing,positive,missing
ก็ดีนะเดินทางข้ามประเทศสะดวกสบาย,missing,positive,missing
ใช่ แต่เสียงเครื่องบินดังไปหน่อย,negative,positive,missing
ใช่,missing,positive,missing
สะดวก เร็วดี จะไปไหนมาไหนไว,missing,positive,missing
ไม่ได้เรื่อง เพราะไม่ค่อยไปไหน,missing,negative,missing
สบายสำหรับผู้อยู่ห่างจากสนามบิน ส่งผลกระทบชุมชนรอบข้าง สิ่งแวดล้อมเปลี่ยนจากเดิม,missing,negative,missing
ไม่ได้ช่วยคนบริเวณนี้แม้แต่นิดเดียวคนที่นี่ยังใช้ชีวิตเหมือนเดิมพร้อมกับเสียงรบกวนของเครื่องบิน,negative,negative,missing
ไม่นะไม่ได้เป็นอย่างที่คิดเลย,missing,negative,missing
สะดวกสำหัรบคนที่เดินทางไป ตปท.,missing,positive,missing
ไม่ดีเลย รู้สึกอึดอัดกับความวุ่นวาย,missing,negative,missing
ใช่สะดวกสบายดี เดินทางสะดวกดี ไปรับญาติสะดวกดี,missing,positive,missing
ก็ดี เพราะ ถ้ามีสิ่งพวกนี้ ความเจริญก็จะดี ให้เปิดใจยอมรับ,missing,positive,missing
ไม่ชอบ เพราะ อาจจะดีเป็นบางครอบครัวที่เขาทำงาน,missing,negative,missing
ดีมาก ทำให้สะดวกมากยิ่งขึ้น แต่บางทีฉันว่าเสียงดังไปหน่อยนะ,negative,positive,missing
ใช่ เพราะทำให้การเดินทางสะดวกสบายขึ้น สำคัญสำหรับผู้ที่ไปที่ไกลๆ,missing,positive,missing
ไม่อยากให้มีสนามบิน,missing,negative,missing
ไม่เห็นด้วย เพราะเสียงดัง,negative,negative,missing
ไม่ชอบ เสียงดัง,negative,negative,missing
สะดวกสบายก็จริงนะแต่เสียงรบกวนจากเครื่องบินมันมีผลกระทบต่อการอยู่อาศัยของพวกเรา,negative,positive,missing
ไม่มีผลกับเรา,missing,neutral,missing
ใช่ สะดวกต่อการสัญจรไปต่างจังหวัด,missing,positive,missing
ก็ดี,missing,positive,missing
ใช่แล้ว สาธารณูปโภคครบครัน ไฟฟ้า น้ำประปา รถสาธารณะ,missing,positive,missing
สะดวกสบายดีขึ้น,missing,positive,missing
เห็นด้วย คิดว่าสะดวกสบายขึ้น,missing,positive,missing
ไม่แน่ใจ เพราะสนามบินไม่ได้ทำให้ทุกคนมีอยู่มีกินดีขึ้น,missing,neutral,missing
ก็ดี แต่มันก็ยังมีเสียงดังรบกวน กับการจราจรที่ติดขัด,negative,neutral,missing
ตั้งแต่มีสนามบินมายังไม่เห็นอะไรเปลี่ยนแปลง พัมนาเฉพาะทางเข้าสนามบิน,missing,negative,missing
ไม่ดีแน่เลย เสียงเครื่องบินน่ารำคาญมากทำให้นอนหลับไม่สนิท,negative,negative,negative
มันก็ไม่เสมอไปนะ,missing,neutral,missing
ดี แต่เสียงดัง,negative,positive,missing
มันก็สะดวกดีในการเดินทาง แต่ถ้านายไม่ชอบเสียงดังอาจจะไม่ชอบก็ได้นะ แต่ถ้าอยู่ไปมันก็จะชินไปเองเพื่อน,negative,positive,missing
เห็นด้วย,missing,positive,missing
ก็สบายดี เจริญดี,missing,positive,missing
ไม่ชอบความจอแจเลย,missing,negative,missing
ดี และสะดวกต่อการเดินทางได้เร็วขึ้น,missing,positive,missing
ไม่ดี ทำให้เกิดเสียงรบกวน,negative,negative,missing
มันอาจทำให้รถติดมากขึ้นนะ แถมเสียงดังอีก,negative,negative,missing
ใช่,missing,positive,missing
"ใช้อยู่ทำให้บ้านเมืองเราดูเจริญสะดวกสบายยิ่งขึ้นและเราต้องนึกถึงประชาชนทุกคนที่พักอาศัยอยู่แถวๆสนามบินนี้ด้วย
ว่าได้รับผลกระทบอะไรหรือไม่ ด้านใดบ้าง",missing,positive,missing
สบายจริง แต่เสียงรบกวนดังมาก,negative,positive,missing
"แต่ต้องแลกมากับสภาวะแวดล้อมที่เปลี่ยนไปทั้งเสียงรบกวน มลภาวะจากการเผาไหม้จากเครื่องบินที่ปนเปื้อนในอากาศ
และยังตกลงมาสะสมบนหลังคาบ้านเรื่อน",negative,missing,negative
เราว่าไม่ค่อยจะเท่าไหร่นะ,missing,neutral,missing
แต่มันเสียงดังนะ อาจทำให้เกิดความรำคาญได้,negative,missing,missing
ไม่ดีเลย อยุ่ใกล้สนามบินสิ่งแวดล้อมไม่ดี อากาสเสีย เสียงดัง,negative,negative,negative
แต่ผมว่ามันรบกวนผู้อื่นนะ เสียงดังอีกด้วย,negative,negative,missing
ก็ไม่รู้จะพูดยังไง การเจริญก็ดี,missing,positive,missing
แต่ที่บ้านไม่ได้ไปใช้บริการ เสียงดังด้วยที่บ้าน,negative,negative,missing
ไม่เห็นจะดีตรงไหน การเดินทางก็เหมือนกับตอนที่สนามบินยังไม่เปิด อย่างเป็นทางการ,missing,negative,missing
ก็ดีนะ ความเป็นอยู่ที่นี่จะได้สะดวกสบายยิ่งขึ้น,missing,positive,missing
ไม่ชอบเสียงดัง,negative,missing,missing
ใช่ แต่เสียงดังไปหน่อยนะ,negative,positive,missing
แต่แย่ว่ะ ดุทีวีไม่รู้เรื่องเลย หูตึงไปหมดแล้ว,negative,negative,missing
ก้ดีนะ แต่เสียงดังมากรบกวน,negative,positive,missing
ขัดขวางไม่ได้ เพราะมีความสะดวกเข้ามา,missing,positive,missing
ดี แต่ต้องยอมรับสิ่งที่เกิดขึ้น,missing,positive,missing
ไม่จริงเสมอไป,missing,neutral,missing
ดี แต่เราไม่ได้ใช้เครื่องบิน มีแต่เสียงที่รบกวนอย่างเดียว,negative,neutral,missing
ไม่เลย เสียงดัง,negative,negative,missing
ไม่เห็นด้วยนะ เราไม่ได้ใช้ประโยชน์จากเครื่องบิน ความสะดวกสบายมันมีอยู่แล้ว ไม่ได้เกี่ยวกับสนามบิน,missing,negative,missing
ไม่นะ เราไม่ได้ขึ้นเครื่องบินความสะดวกสบายไม่เกี่ยวกับการสร้างสนามบิน,missing,negative,missing
ก็ดี แต่เสียงจะดัง,negative,positive,missing
ไม่เห็นด้วยแต่มันก็พัฒนาขึ้นถนนหนทางแต่มันมีผบกระทบต่อชุมชนรอบด้าน รถติดคนเพิ่มขึ้นค่าชดเชยก็ไม่ได้,missing,negative,missing
ก็ดีนะ สะดวก,missing,positive,missing
มันดี แต่มลพิษเยอะไปหน่อย,missing,positive,negative
เห็นด้วยนะ,missing,positive,missing
ไม่ดีเลย เสียงดัง,negative,negative,missing
เห็นด้วย สะดวกสบายดี,missing,positive,missing
เห็นด้วย,missing,positive,missing
เห็นด้วย เวลาเดินทางไปต่างจังหวัดสะดวกขึ้นเครื่องเลย,missing,positive,missing
เห็นด้วย สะดวกสบายในการรเดินทาง,missing,positive,missing
ไม่เกี่ยวกับเรา ไม่ได้ใช้บริการสนามบิน,missing,missing,missing
ไม่ดี เสียงดัง,negative,negative,missing
ไม่ดีเลย ไม่เกี่ยวกับชีวิตประจำวัน,missing,negative,missing
ก็ดีนะ,missing,positive,missing
ดี แต่เราไม่ได้เดินทางโดยเครื่องบิน,missing,positive,missing
เราก็ไม่สะดวกหรอก เราไม่ได้ขึ้น สร้างความรำคาญให้เราอีก,negative,negative,missing
ก้ดีนะ คือเวลาไปไหนก็สบายมันทำให้จังหวัดเจริญขึ้น,missing,positive,missing
มันก็รำคาญหู สะดวกสบายตรงไหน,negative,negative,missing
เฉยๆ อะนะ,missing,neutral,missing
มันก็ไม่ดีหรอกเป็นการรบกวน,negative,negative,missing
เอิ่มดี,missing,positive,missing
ก็สะดวกสบายเฉพาะคนรววยพวกผมไม่ใช้นักธุรกิจ แต่ถนนหนทางก็สะดวกสบาย,missing,positive,missing
ไม่รู้นะแล้วแต่คน,missing,neutral,missing
มันก็หนวกหูนะ แต่เจริญดี,negative,positive,missing
ความสะดวกก็ดีนะ แต่มีความหนวกหู,negative,positive,missing
ไม่เห็นด้วย ก็ปกตินะ เหมือนเดิม,missing,negative,missing
ไม่เห็นด้วยเสียงดัง (แต่ไกลๆไม่เป็นไร),negative,negative,missing
ใกล้นะแต่ไม่ค่อยได้ใช้(นานๆที),missing,neutral,missing
ไม่ดีเลย ต้องย้ายบ้านอีก,missing,negative,missing
มันก็ดีไปอย่าง แต่เสียงดังบางครั้ง,negative,positive,missing
ก็ดีครับ,missing,positive,missing
เราไม่ได้ใช้เครื่องบินมันสะดวกสบายเฉพาะคนมีตังค์,missing,neutral,missing
ก็พอสมควรดีขึ้นกว่าเก่าหน่อย,missing,positive,missing
ก็ดีเสียงตรงนี้ไม่ค่อยดัง,positive,positive,missing
มันก็เจริญขึ้นน้ะ,missing,positive,missing
ไม่เกี่ยวกับเรานะ,missing,neutral,missing
ไม่ค่อยชอบ,missing,negative,missing
มันก็ดี,missing,positive,missing
มันก็โอเค แต่มันก็มีผลเสีย,missing,neutral,missing
มันก็เป็นบางอย่าง แต่มีเสียงดัง,negative,neutral,missing
ก็ดี,missing,positive,missing
เห็นด้วย,missing,positive,missing
ไม่จริงเพราะเราไม่ได้ใช้เครื่องบิน,missing,negative,missing
"ไม่เห็นด้วย เราว่าไม่ดีเท่าไหร่นัก เพราะถ้ามีสนามบินมาเปิดให้บริการอยู่แถวนี้ ผู้คนที่อาศัยอยู่บริเวณนี้ 
ก็จะได้รับความรบกวนจากเสียงมากกว่าถึงมันจะสะดวกสบายในการเดินทางไปไหนมาไหนก็เถอะ 
เราว่าเค้าควรไปเปิดบริการในที่ห่างไกลจากแหล่งที่อยู่อาศัย ชุมชน หมู่บ้านนะ",negative,negative,missing
ก็ดีนะ มันทำให้เจริญขึ้น,missing,positive,missing
ก็ดีนะ ทำมาหากินง่ายขึ้น,missing,positive,missing
เสียงรบกวนมันมาก,negative,missing,missing
ก็ดี ไม่ค่อยมีเสียงรบกวน,positive,positive,missing
สะดวกสบายดี แต่ลำบากเวลามีคนขนของมาเผา ปากทางรถติด,missing,neutral,missing
คนเยอะขึ้น,missing,negative,missing
ไม่ดี รถติด,missing,negative,missing
เห็นด้วย,missing,positive,missing
ใกล้เกินก็ไม่ไหว ถ้าอยู่ไกลๆ ก็โอเค,missing,neutral,missing
ไม่เกี่ยวกับเราเลย,missing,neutral,missing
"ไม่ดีเลย เพราะว่ามีความวุ่นวายมากขึ้น การจราจรติดขัด อากาศเป็นพิษจากควันท่อไอเสียเครื่องยนต์ มีเสียงดังจากเครื่องบิน 
ขึ้น-ลง รวมทั้งรถยนต์-รถมอเตอร์ไซต์ที่มากขึ้น",negative,negative,negative
มันไม่ดี เพราะเราไม่ได้ใช้บริการในส่วนนี้,missing,negative,missing
มันก็ดีนะ มีความเจริญมากขึ้น แต่เสียงดังของเครื่องบินนี่ซิ แย่หน่อย รถก็ติดมากด้วย เฮ้อทำใจ,negative,neutral,missing
เราก็เฉยๆ ไม่ได้เดินทางไปไหนหนวกหูอีกตะหาก,negative,neutral,missing
ใช่ไปมาสะดวกขึ้นถึงแม้เสียงของเครื่องบินจะดังไป,negative,positive,missing
เราไม่ได้ประโยชน์จากเขา,missing,negative,missing
ดี,missing,positive,missing
ไม่ค่อยสะดวกสบายเท่าไหร่แต่ก็ต้องอยู่,missing,negative,missing
สะดวกสบายก็ดีนะ,missing,positive,missing
ไม่ได้สะดวกสบายกับตัวเอง,missing,negative,missing
ไม่มีเลย น่ารำคาญ,negative,negative,missing
มันไม่มีผลอะไร เพราะไม่ได้อยู่ใกล้,missing,neutral,missing
ก็ดีนะ เดินทางสะดวกดี,missing,positive,missing
มันก็สะดวกสบายอยู่ แต่มันก็หนวกหูนะ,negative,positive,missing
เฉยๆเพราะไม่ได้ใช้,missing,neutral,missing
ไม่ใช่,missing,negative,missing
ไม่เกี่ยวกันนะ ได้รับเสียงรบกวน,negative,negative,missing
เราไม่ได้ใช้,missing,neutral,missing
ไม่ค่อยยินดีเท่าไหร่ เพราะทำอาชีพเกษตรกรไม่ได้ใช้,missing,negative,missing
ก็ดีนะแต่เราไม่ได้ใช้นิ,missing,neutral,missing
คนอื่นเค้าก็สะดวกสบายแหละแต่เราไม่ได้ใช้บริการแถมยังมีปัญหาเรื่องเสียง กลิ่นเหม็นน้ำมันสน ขยะ,negative,negative,negative
มาสะดวกสบาย ดีอย่างคือน้ำไม่ท่วม,missing,positive,missing
สะดวกแจ่ไม่ปลอดภัยเรื่องกลิ่นน้ำมัน,missing,positive,negative
ไม่รู้อะ,missing,neutral,missing
ไม่อยากให้เปิดเลย หนวกหูรำคาญละลูกเอ๊ย,negative,negative,missing
ก็ดี,missing,positive,missing
ก็ปกติเหมือนเดิม,missing,neutral,missing
เราไม่ได้รู้สึกอะไร,missing,neutral,missing
ก็ดี กับความเจริญแต่มีปัญหาทางด้านเสียง,negative,positive,missing
ไม่มีสานมบิน ก็สะดวกอยู่แล้ว,missing,negative,missing
ไม่ดีเลย เพราะเราไม่ได้ใช้บริการ,missing,negative,missing
มีทั้งดีและไม่ดี 50-50,missing,neutral,missing
ไม่โอเคเลย,missing,negative,missing
ไม่ค่อยดี เสียงดัง,negative,negative,missing
ไม่ชอบ เพราะเสียงดัง,negative,negative,missing
ก็ดีนะ แต่เราต้องทนกับปัญหาเยอะแยะ,missing,negative,missing
ไม่ดีอ่า รำคาญเสียง,negative,negative,missing
มันไม่สะดวกสบายสำหรับเรา เพราะเราไม่ได้ใช้เครื่องบิน,missing,negative,missing
คิดว่าช่วยให้มีการป้องกันน้ำท่วมได้ดีขึ้น,missing,positive,missing
การขนส่งก็โอเคนะ,missing,positive,missing
ไม่ดีเลย เพราะ มีเสียงรบกวนตลอดเวลาพอดี TV ต้องเปิดเสียงดังเพิ่ม จนบางที ลำโพง TV แตก,negative,negative,missing
มันเสียงดัง แต่การคมนาคมก็สะดวกจริง แต่มันก็เสียงดังมาก,negative,positive,missing
อื่ม..ก็ต้องดูถึงผลดี ผลเสียกับเราในระยะยาวด้วยนะ,missing,neutral,missing
ถ้าคนเดินทางมันก็ดี แต่เราเฉยๆเพราะเราไม่ได้ใช้,missing,neutral,missing
ไม่ดีหรอกมันสะดวกสบายแต่ว่ามันเสียงดัง,negative,positive,missing
มันก็ไม่ดีอ่ะ เพราะไม่รู้จะย้ายไปไหน,missing,negative,missing
ไม่ดีอะ มลพิษมันเยอะ,missing,negative,negative
มันดีเรื่องน้ำไม่ท่วมเพราะเข้าสูบออก,missing,positive,missing
มันก้ดีเหมือนกัน แต่บางทีมันหนวกหู,negative,positive,missing
ก็ดีคือมันทำให้เจริญขึ้น แต่ให้ค่าชดเชยช้ามาก,missing,positive,missing
การเดินทางสะดวกสบายขึ้น,missing,positive,missing
ถ้าได้ใช้ก็คงพูดว่าดีนะ ก็ไม่ได้ใช้ด้วยก็เฉยๆ,missing,neutral,missing
ก็ดี การขนส่งง่ายขึ้นก็ดี รถติดบ้าง,missing,positive,missing
เห็นด้วย(ภาพรวมๆ) แต่เราไม่ได้ใช้,missing,neutral,missing
ก็ดีนะ แจ่ก็ไม่ค่อยขึ้นเครื่อง,missing,neutral,missing
ไม่เห็นด้วย เสียงดัง มีมลพิษอากาศ,negative,negative,negative
สบายพวกเขา ไม่เกี่ยวกับเรา,missing,neutral,missing
ดีนะแต่ว่าเสียงเครื่องบินจะดังน้อยกว่านี้นะ,negative,positive,missing
ก็สะดวกดี ก็ โอเค นำถนนมาให้ที่บ้าน,missing,positive,missing
มันก็ดีนะ แต่ก็มีบ้างที่เสียงเครื่องบินรบกวนการพักผ่อนของเรา,negative,positive,negative
ใช่! ทำให้การเดินทางสะดวกสบายมากกว่าเดิม,missing,positive,missing
ไม่ดีเลยมีเสียงรบกวน การจราจรก็แออัด เราต้องนอนไม่ค่อยหลับแน่,negative,negative,negative
เห็นด้วย เจริญดี,missing,positive,missing
มีสิ่งอำนวยความสะดวกมากขึ้น,missing,positive,missing
"ใช่ มันก็ดีอยู่แต่การจราจรคงแออัดขึ้นกว่าเดิมแน่เลย มลพิษคงมากกว่าเดิมอากาศคงไม่ดีเหมือนเดิม 
แต่เศรษฐกิจแถวนี้ก็คงดีมากขึ้นน แต่ก็คงแออัดด้วยตึกสูงหลายชั้น หมู่บ้านต่างๆเช่นกัน",missing,neutral,negative
จริงเหรอ แต่ฉันว่าเสียงเครื่องบินเวลาขึ้นลงจะดังมากนะ,negative,negative,missing
ใช่ ดีเห็นด้วย,missing,positive,missing
มันก็เจริญดี,missing,positive,missing
มันคือความเจริญของประเทสไม่ใช่ของเรา,missing,negative,missing
เห็นด้วย แต่ไม่คสรเวนคืนมากกว่านี้,missing,positive,missing
เห็นด้วย,missing,positive,missing
ก็ดีใกล้สนามบิน สะดวกดี,missing,positive,missing
ไม่เห็นสะดวกสบายเลยรบกวนตลอดเวลา,negative,negative,missing
ดีนะ ก็ดี ถ้าไม่มีเสียงให้รำคาญ,negative,positive,missing
ดีที่มีสนามบิน น้ำที่เคยท่วมบ้านก็ไม่เคยท่วม,missing,positive,missing
ไม่เห็นจะดี เพราะเสียงมันดัง,negative,negative,missing
ไม่เห็นด้วย เสียงดังเลยไม่ชอบ,negative,negative,missing
ก็ดีอ่ะ มันใกล้สะดวกสบายเดินทาง,missing,positive,missing
ก็ดีนะ แต่เสียงมันดัง,negative,positive,missing
ดี ที่มีความสะดวกสบายแต่เสียงดังไปหน่อย,negative,positive,missing
ใช่ สะดวกสบายมาก ไปไหนมาไหนก็ได้คล่อง,missing,positive,missing
ก็เจริญดีนะ แต่ดังไปเป็นบางครั้ง,negative,positive,missing
สะดวกสบายคนอื่น แต่เราเดือดร้อนเสียงดัง,negative,negative,missing
จริงอยู่ แต่มลภาวะเสียงก็ตามมาเช่นกัน,negative,positive,missing
เสียงดังไปหน่อย,negative,missing,missing
ดี,missing,positive,missing
ใช่ๆ ทำให้การเดินทางสะดวกสบายมากขึ้นจริงๆ,missing,positive,missing
"แต่เสียงของเครื่องบินก็ดังมากนะ แรกๆตกใจตื่นตอนกลางคืนเลย มลพิษทางอากาศก็เกิดขึ้นยิ่งช่วงหน้าหนาว
เครื่องบินปรับทิศทางการขึ้นบินเสียงยิ่งดังมากๆ",negative,negative,negative
ไม่สบาย เพราะเราไม่ได้ใช้เครื่องบินมีเสียงดังด้วยซ้ำ,negative,negative,missing
ไม่ดี เสียงดัง น่ารำคาญ,negative,negative,missing
ไม่สะดวกสบายเพราะมีเสียงรบกวน,negative,negative,missing
สะดวกก็จริง แต่ว่ามันมีเสียงรบกวนที่น่ารำคาญ ทำให้ต้องตื่นมากลางดึกบ่อยครั้งมาก,negative,positive,negative
ชอบ สะดวกสบายดีเจริญขึ้นเยอะๆ แต่มีเสียงดังไปหน่อย,negative,positive,missing
ได้ส่วนเดียวคือการเดินทางไปสนามบิน แต่เรื่องมลพิษเสียมาก,negative,positive,missing
เห็นด้วย,missing,positive,missing
ไม่เห็นสะดวก ไม่เห็นจะมีรถเข้ามาถึงเลย,missing,negative,missing
ไม่ดีจะทำให้เสียงดัง อาจเกิดมลพิษ,negative,negative,negative
จะเสียงดังขึ้นกว่าที่เป็นอยู่,negative,missing,missing
มันก็ดี แต่อาจจะรำคาญเสียงเครื่องบิน รถติดเพราะคนเดินทางมาใช้บริการสนามบิน,missing,neutral,missing
เสียงดัง รบกวน,negative,missing,missing
ประเทศต้องพัฒนาต้องแข่งขันเพื่อตอบสนองความต้องการของมนุษย์รวดเร็วประหยัดเวลา,missing,positive,missing
รถติด,missing,negative,missing
แต่เราว่าเสียงดังมากนะ คลื่นทีวีและสัญญาณอิเตอร์เน็ตหาย ฝ้าห้องนอนสั่น รบกวนมาก,negative,negative,negative
เสียงดังและรถติดมากขึ้นน่ะสิ,negative,negative,missing
ก็ดีซิเจริญดี มีสนามบิน,missing,positive,missing
ไม่ดีเลย,missing,negative,missing
ก็สะดวกสบยาจริงๆนะ,missing,positive,missing
เสียงมันดัง,negative,missing,missing
ก็เจริญดีนะ แต่สภาวะแวดล้อมไม่ดี มีคราบน้ำมัน,missing,positive,negative
ก็เคนะ,missing,positive,missing
ถ้าสะดวกก็ดีอ่ะ,missing,positive,missing
มันก็สบาย แต่มันรบกวนรถติด,missing,neutral,missing
ไม่เอาสนามบิน,missing,negative,missing
ก็ดีนะ การเดินทางสะดวกสบาย,missing,positive,missing
เฉยๆ มีทั้งดีและเสีย,missing,neutral,missing
สดวกสบายแต่ก้มีเสียงรบกวนมากขึ้นการจราจรก็อาจจะติดขัดมากกว่าเดิม,negative,neutral,missing
เห็นด้วย,missing,positive,missing
ไม่เห็นด้วย มีผบกระทบอื่นๆระยะยาว เช่น เสียงการขยายตัวของเมือง(คนย้าย รถติด),negative,negative,missing
"มันมีทั้งข้อดีและข้อเสียนะ ข้อดีก็ตรงที่ทำให้ความเป็นอยู่สะดวกสบายยิ่งขึ้น แต่ข้อเสียก็คือ 
เป็นต้นเหตุของเสียงที่ก่อความลำคาญในบ่อยครั้ง",negative,neutral,missing
ไม่ดีซิเพราะว่าเสียงจากเครื่องบินรบกสนการนอนของเรานะซิ,negative,negative,missing
แต่ก็มีข้อเสียอยู่บ้านคือ มีเสียงดังตตลอดเวลา รถติด มลภาวะทางอากาศไม่ดีนัก,negative,negative,negative
มันก็โอเคแต่ก็ต้องไม่กระทบความเป็นอยู่ของชุมชน,missing,positive,missing
ก็ต้องยอมรับนะ แต่ควรมีการช่วยเหลือผู้ที่ได้รับผลกระทบ,missing,neutral,missing
ดี ที่สนามบินอยู่ใกล้บ้าน,missing,positive,missing
ดีขึ้น มันเจริญขึ้น แต่รถติด,missing,neutral,missing
OH No,missing,negative,missing
ไม่ดี รถติด,missing,negative,missing
รู้สึกดี,missing,positive,missing
เดินทางสะดวกดี,missing,positive,missing
ไม่ดี มีเสียงรบกวน,negative,negative,missing
ก็เฉยๆนะ,missing,neutral,missing
ไม่ได้ไปไหน ไม่ต้องใช้สนามบิน มาเกี่ยวอะไรกับฉันละ,missing,neutral,missing
มันดีกับไม่ดีคู่กัน ดีก็การขนส่งมุ่งมาที่นี่ รถไฟฟ้าสาธารณะสุข แต่ส่วนที่ไม่ดีคือ การจราจรติดขัด คนวุ่นวาย,missing,neutral,missing
"มันก็ดี มีรถประจำทางผ่านเยอะ ไม่ต้องรอนาน อย่างอื่นก็เหมือนเดิม สนามบินก็ไม่ได้มีโอกาสไปใช้ตอนสร้างใหม่ 
เสียงก็ดังตอนนี้ชินแล้ว",negative,neutral,missing
"ก็ดีมีสิ่งอำนวยความสะดวกมันก็เพิ่มขึ้นในแถวบ้านผลเสียของการมีสนามบินก็ไม่ค่อยมีนะ 
เพราะเราไม่ได้อยู่ใกล้ให้ได้ยินเสียงขนาดนั้นแต่ก็มีบ้าง แต่ไม่รู้ว่าเพราะสนามบินรึเปล่า",neutral,positive,missing
ก็ดีนะสะดวกในด้านการเดินทาง,missing,positive,missing
ไม่ดีหรอก คิดว่าหนวยกหูกันนะ แต่รถเยอะของเราก็ขายได้,negative,negative,missing
มันก็ดีอ่ะ,missing,positive,missing
เฉยๆก็ไม่ต่างจากเดิมากนะ รถมันก็ติดของมันอยู่แล้ว,missing,neutral,missing
ก็ดี แต่มีเสียงเครื่องบิน สะดวกสบายก็จริง แต่คนเยอะรถติด การจราจรแย่มาก,negative,neutral,missing
ไม่สะดวกสบายหรอก รถติดจะตาย,missing,negative,missing
จะดีกว่านี้ ถ้าไม่มีเสียงดัง,negative,positive,missing
ไม่มีผลอะไร ทำให้รถติดขึ้นมากกว่าเมื่อก่อน,missing,negative,missing
ใช่ เพราะบ้านเราจะได้มีแต่สนามบินที่อยู่ใกล้บ้าน,missing,positive,missing
เฉยๆ,missing,neutral,missing
ใช่เลย แต่รถก็จะเยอะมากขึ้น เดินทางไม่สะดวกเวลาเร่งรีบ,missing,neutral,missing
สะดวกในการเดินทาง,missing,positive,missing
ก็ดีนะ ชอบที่เลือกมีบ้านอยู่นี่ เพราะการขนส่งสะดวกสบาย,missing,positive,missing
ดีไหมถ้ามีสนามบินให้บริการบริเวณนี้,missing,missing,missing
ใช่แล้วละ เราไม่ต้องเสียเวลาในการเดินทางและค่าใช้จ่ายในการเดินทางไปสนามบิน ทำให้สะดวกสบายมากยิ่งขึ้น,missing,positive,missing
"ก็โอเคในบางเรื่อง แต่มลภาวะที่ตามมากับความเจริญและความศรีวิไล แล้วเคยถามผมบ้างรึเปล่าในการจะทำโครงการอะไรซักอย่าง 
ผมก็เป็นเจ้าของประเทศเช่นคุณนะ",missing,neutral,missing
"ก็เฉยๆนะ บ้านเราอยู่ใกล้สนามบินบางทีเสียงเครื่องบินก็ดังมากเหมือนกันในบางที แต่บางทีเราก็ว่าเราเดินทางสะดวกดี
เพราะมีสนามบินมาเปิดใกล้ๆ ทำให้แถวบ้านเราการเดินทางสะดวกมากขึ้น เช่นมี airportlink มา",negative,neutral,missing
ดีนะ,missing,positive,missing
ก็ดีนะ การคมนาคมดีขึ้น,missing,positive,missing
ไม่ดี,missing,negative,missing
ก็มีความสะดวกสบายยิ่งขึ้น แต่จะมีเสียงดังรบกวน,negative,positive,missing
ดี เพราะมีงานทำ มีรายได้,missing,positive,missing
ก็สะดวกดี สมมุติว่าเราจะขึ้นเครื่องบินก็ไม่ต้องไปถึงดอนเมือง มี Airportlink,missing,positive,missing
ดี สะดวกขึ้น มีความเจริญเช่น รถไฟฟ้า,missing,positive,missing
เราไม่ได้ใช้บริการอยู่แล้ว,missing,neutral,missing
ที่อื่นเขาสะดวกสบายแต่เราอยู่ตรวทางขึ้น- ลง ของสนามบินมีเสียงรบกวนมากเกินไป,negative,negative,missing
ฉันเฉยๆ,missing,neutral,missing
ก็ดีนะถ้าเสียงไม่ดัง,negative,positive,missing
มันก็จริงอยู่นะ แต่มันต้องแลกมาด้วยเรื่องสิ่งรบกวนทางด้านเสียงหรือเรื่องการจราจรที่อาจจะหนาแน่นขึ้น,negative,neutral,missing
ก็จริงแต่ก็มีเสียงรบกวนนิดหน่อย,negative,positive,missing
โอ้ผมเป็นคนค้าขาย ผมมีรถส่วนตัวคงไม่มีประโยชน์เท่าไหร่หรอกสำหรับผม,missing,negative,missing
ก็ดี ไม่ต้องเดินทางไปไกล การเดินทางไปไหนสะดวกสบายมีสาธารณูปโภคสะดวกดี,missing,positive,missing
ได้รับผลกระทบด้านสิ่งแวดล้อม,negative,negative,negative
อยู่อย่างนี้มันก็สบายดี,missing,neutral,missing
มันก็ดีนะ แต่เรา ในชีวิตประจำวันไม่ได้ใช้เครื่องบิน,missing,neutral,missing
สบายต่อการเดินทาง,missing,positive,missing
ถือว่าดี สะดวกสบายมากขึ้น,missing,positive,missing
มันก็ดี แต่เสียง ต้องมาดูแลชาวบ้านบ้าง ในเรื่องของเสียง,negative,positive,missing
ไม่มีความเห็น,missing,missing,missing
ใช่แล้ว จะได้สะดวกสบาย,missing,positive,missing
ฉันไม่ชอบ มันอาจจะมีเสียงดังของเครื่องบินทำให้เรารำคาญนะสิ,negative,negative,missing
แต่ฉันว่าเสียงรบกวนคงมากเลยแหละ,negative,missing,missing
มันสะดวกสบายก็จริง แต่คนที่เขาอยู่บ้านแถวนี้ เขาจะอยู่ไม่ได้เนื่องจากเสียงรบกวนของเครื่องบิน,negative,negative,missing
ไม่ดี เสียงดัง,negative,negative,missing
แต่มันก็จะเสียงดังมั้ยล่ะ มันจะหนวกหูเอามั้ย!,negative,missing,missing
ไม่เกี่ยวกันเลย ทุกอย่างก็ยังเหมือนเดิม การมีสนามบินไม่ได้ช่วยอะไรเลย,missing,neutral,missing
"ไม่ดีหรอก วุ่นวาย ผู้คนเยอะแยะมากมาย ไม่รู้ใครเป็นใคร เสียงดัง ถ้าเป็นเมื่อก่อนคิดว่าน่าจะดี 
แต่เดี๋ยวนี้ไม่ ถ้าเลือกได้ อยากกลับไปอยู่ต่างจังหวัด",negative,negative,missing
โอ้ยไม่เห็นด้วยเลย มันไม่จริงเลย,missing,negative,missing
มันก็ดีอยู่ตาสภาพสิ่งแวดล้อมรอบๆ มันไม่ดีไปด้วยบรรยากาศเป็นพิษ,missing,positive,negative
แต่อาจเกิดเสียงดังรบกวน,negative,missing,missing
เสียงเครื่องบินดังมาก,negative,missing,missing
"ความเจริญเข้ามาก็จริง แต่ก็ไม่ส่งผลให้ชาวบ้านมีความเป็นอยู่ที่ดีขึ้นหรอก 
เพราะเมื่อความเจริญเข้ามามลภาวะก็เข้ามาด้วย เช่น ฝุ่นละออง น้ำมัน",missing,neutral,negative
ดีค่ะ ใกล้บ้านเราดี,missing,positive,missing
ไม่,missing,negative,missing
"ในความคิดเรา ไม่สะดวกสบายนะสำหรับเรา คนที่สะดวกก็คือคนที่เดินทางทางเครื่องบิน กลับกัน 
เรากลับหนวกหูเสียงเครื่องบินมากกว่า",negative,negative,missing
มันก็ดีอะนะ,missing,positive,missing
มันไม่ดีหรอก มาใกล้ๆ,missing,negative,missing
กับเรามันไม่สะดวก,missing,negative,missing
ไม่เลย,missing,negative,missing
ไม่ดีหรอก,missing,negative,missing
สะดวกดี,missing,positive,missing
มันก็ดี แต่ก็มีเสียงดังรบกวน,negative,positive,missing
ไม่ดี เพราะมีเสียงรบกวนมาก,negative,negative,missing
"สะดวกสบายขึ้นก็จริงแต่ก็ยังรำคาญเสียงเครื่องบินอยู่ แถมเครื่องบินบินผ่านทีนี้หลายไฟล์มาก 
รู้สึกหนวกหูมากกว่าสะดวกสบายนะ",negative,negative,missing
ก็ดีอยู่ แต่ก็หนวกหู เวลาเครื่องบิน บินผ่าน,negative,neutral,missing
มันก็สะดวก,missing,positive,missing
มันก็ปกติ เพราะเราไม่ได้อยู่ใกล้สนามบิน,missing,neutral,missing
เฉยๆนะ,missing,neutral,missing
มันก็เจริญขึ้นนะ,missing,positive,missing
"ดีแน่ๆ ความเจริญที่เข้ามา ถนน ร้านค้า ถ้าการคมนาคมการสื่อสาร ความสะดวกสบาย งานอาชีพ 
แต่ก็จะต้องยอมรับสิ่งที่จะตามมา คือมลพิษทางเสียง กลื่น ความแอดอัด",negative,positive,negative
ถึงจะสะดวกสบายขึ้น แต่มันจะทำให้การจราจรติดขัดมากขึ้น,missing,neutral,missing
ฉันว่าเสียงมันดังรบกวน จะนอนก็ได้ยินแต่เสียงเครื่องบิน,negative,negative,missing
คงไม่ดีเท่าไร สะดวสบายก็จริง แต่เสียงของเครื่องบินมันดังมาก,negative,negative,missing
สะดวกสบายก็จริง แต่เสียงรบกวนมาก,negative,positive,missing
ไม่เคยใช้บริการเลย,missing,neutral,missing
มันอยู่ที่คนใช้เครื่องบิน คนรวยอะ แต่คนจนก็รำคาญ,negative,negative,missing
ไม่ดี เพราะเราไม่ได้ไปไหน แล้วก็รำคาญ,negative,negative,missing
มันมีทั้งดีและไม่ดีนะ,missing,neutral,missing
ก็ดีนะคะ แต่อยากให้ลดเสียงลง,negative,positive,missing
มันก็สะดวกสบายในเชิงพาณิชย์แต่ความเป็นอยู่เรามันน้อยลง,missing,neutral,missing
ก็ดีนะ เจริญดี,missing,positive,missing
ก็เฉยๆนะ,missing,neutral,missing
สะดวกเรื่องอื่น แต่เรื่องเสียงรำคาญมาก ชดเชยก็ไม่ทั่วถึง,negative,negative,missing
ก็คงไม่ดีกว่า,missing,negative,missing
ก็ปกติ เฉยๆ,missing,neutral,missing
ก็ดีเหมือนกัน,missing,positive,missing
ใช่ ผู้คนแถวนี้จะได้มีงานทำ,missing,positive,missing
เราไม่ได้ใช้เลยไม่สะดวก เรามันแค่ทางผ่าน,missing,negative,missing
ก็ใช่นะ เหมือนมีความเจริญเข้ามามากขึ้น,missing,positive,missing
ก็ดี แต่เราไม่ได้ใช้,missing,neutral,missing
เราไม่ได้ใช้อะนะ เลยไม่มีความสะดวกอะไร,missing,neutral,missing
ก็โอเค,missing,positive,missing
ไม่ดีอ่า,missing,negative,missing
ก็ดีนะ สะดวกดี ถึงเสียงจะดังไปนิด ก็ต้องทนเอาหน่อยนะ เพื่อนความเจริญของบ้านเรา,negative,positive,missing
ค่อนข้างหนวกหู และกลัวว่าเครื่องบินจะตกลงมา,negative,missing,missing
ไม่ได้สะดวกสบายขึ้นหรอก กลับกันมีแต่ความแออัด เสียงดัง กว่าจะปรับตัวได้ก็ต้องใช้เวลานานเหมือนกัน,negative,negative,missing
เห็นด้วย จะได้ขายของได้มากขึ้น,missing,positive,missing
ไม่เกี่ยวกัน เพราะอยู่ห่างจากสนามบินเยอะ,missing,neutral,missing
ไม่ชอบ เพราะทำให้เสียงดังรบกวน,negative,negative,missing
เห็นด้วยกับคนส่วนมาก,missing,positive,missing
เมื่อมีการเปิดให้บริการสนามบิน น่าจะทำให้เศรษฐกิจดีขึ้น มีการสร้างงานสร้างอาชีพให้ผู้คนมีรายได้,missing,positive,missing
เสียงอาจจะรบกวนมากขึ้น มีความเสี่ยง ถ้าเครื่องบินตกลงมา,negative,negative,missing
มีสนามบินใกล้ๆไม่ดีหรอก,missing,negative,missing
ดี,missing,positive,missing
ไม่ดี เสียงดัง,negative,negative,missing
ดี เพราะมันเดินทางสะดวก,missing,positive,missing
เสียงดัง,negative,missing,missing
ไม่เอา เสียงดัง แค่นี้ก็พอแล้ว,negative,negative,missing
ดี เพราะเดินทางสะดวกดี,missing,positive,missing
สะดวก แต่เสียงดังรบกวน,negative,positive,missing
ไม่ดี เสียงดัง,negative,negative,missing
ถ้าค้าขายก็ดี แต่ถ้าเราไม่ค้าขายก็ไม่ดี,missing,neutral,missing
ก็จริงน่ะ,missing,positive,missing
ไม่เลย เพราะมันมีเสียงดังรบกวน,negative,negative,missing
ไม่ดี เพราะมีรถติด โดยเฉพาะช่วงเย็น เสียงดังด้วย,negative,negative,missing
ไม่ดี เพราะเสียงดัง รถติด,negative,negative,missing
ดี แต่ไม่ดีตรงเสียงดังของเครื่องบิน,negative,positive,missing
ไม่เกี่ยวกันหรอก ที่นี้ก็สะดวกสบายอยู่แล้วถึงจะไม่มีสนามบิน,missing,neutral,missing
ดี สนามบินก็มีการปรับปรุงแก้ไข,missing,positive,missing
ดี การเดินการสะดวกสบาย แต่เสียงดังไปหน่อย,negative,positive,missing
ต้องสำรวจเส้นทางบินด้วยไป,missing,missing,missing
โอเค อะไรก็เจริญขึ้น,missing,positive,missing
สะดวกสบายดี แต่เสียงเครื่องบินเวลากลางคืนตอนที่บินต่ำ,negative,positive,missing
ไม่จริง เพราะระบบการบินจะทำให้รบกวนความเป็นอยู่ของผู้อาศัยบริเวณนี้ เสียงดังรบกวน,negative,negative,missing
ก็สะดวก แต่จะมีเสียงดังรบกวน,negative,positive,missing
ไม่จริงหรอก เสียงเครื่องบินเวลามันขึ้นทำให้ฉันนอนไม่หลับ เพราะมันเสียงดังมากเลย,negative,negative,missing
ก็ดี ใกล้สนามบิน,missing,positive,missing
ก็ใช่ ความเจริญเข้ามา แต่มีเสียงรบกวน,negative,positive,missing
สะดวกต่อการเดินทาง,missing,positive,missing
ดี เพราะสะดวกสบาย,missing,positive,missing
ไม่รู้สิ เราไม่ได้สะดวกสบายอะไร แต่ทางAirport ก็สะดวกแหละ,missing,neutral,missing
ก็ดี เจริญ ถึงเราจะไม่ได้ใช้ แต่ถ้ามีประโชยน์กับคนอื่นก็ดี,missing,positive,missing
ก็ดี,missing,positive,missing
ก็ดี เวลาไปเที่ยวได้ใช้งาน,missing,positive,missing
ก็จริง เห็นด้วย,missing,positive,missing
ไม่เห็นด้วยหรอก เสียงดัง,negative,negative,missing
มันก็จะมีเสียงดัง แต่ถ้าไม่ทำ สนามบินประเทศก็ไม่เจริญอีก,negative,positive,missing
เป็นเรื่องของบ้านเมืองแหละ ทำให้เจริญ,missing,positive,missing
เห็นด้วยนะ,missing,positive,missing
ถ้าพูดตามความคิด ไปมาก็ง่ายสะดวกสบาย,missing,positive,missing
สบายเฉพาะคนที่เดินทาง,missing,neutral,missing
มันก็ดีอะ แต่เสียงดัง,negative,positive,missing
สำหรับเรามันก็หนวกหู,negative,missing,missing
มันสะดวก แต่ว่าเสียงดัง,negative,positive,missing
ไม่ดีหรอก หนวกหู,negative,negative,missing
ก็ดีนะ แต่เสียงดังหน่อย,negative,positive,missing
มันก็ดีอ่ะนะ,missing,positive,missing
มันก็สะดวกดี ไปไหนมาไหนก็ได้,missing,positive,missing
ดี,missing,positive,missing
ไม่เห็นด้วย เพราะสนามบินมันก็มีดอนเมืองแล้ว,missing,negative,missing
ก็ดีนะ เจริญขึ้น แต่เราก็ไม่เคยใช้บริการและก็มีเสียงดังด้วยนะ เป็นบางครั้ง ดีกว่าเมื่อ่อนเยอะ,negative,positive,missing
ก็ดีนะ,missing,positive,missing
เห็นด้วย,missing,positive,missing
ดีครับ เจริญขึ้น,missing,positive,missing
ก็ดีนะ,missing,positive,missing
ก็จริงน่ะ,missing,positive,missing
การคมนาคมก็ดีขึ้น,missing,positive,missing
มันก็ไม่เท่าไหร่นะ ปกติไม่ได้ขึ้นเครื่องบิน,missing,neutral,missing
ผลลัพธ์เสียก็มีนะ คือเป็นทาสของพวกนักธุรกิจ,missing,neutral,missing
อย่างนั้นหรือ? จริงหรือ?,missing,missing,missing
กลัวมลภาวะทางเสียงจะรบกวน,negative,missing,missing
ก็ดีนะ แต่เสียงน่าจะดังมาก หนวกหู นอนไม่หลับ,negative,positive,missing
ไม่เกี่ยวกับเรา เพราะไม่ใช่บริเวณสนามบิน แต่จะทำให้ความสะดวกสบายขึ้น จำทะรถติด คนเยอะ,missing,neutral,missing
ไม่ดีเลย ออกจากบ้านปากซอยรถก็ติด อย่าบอกนะว่าเป็นเรื่องธรรมดา แก้ไขได้ก็ดีเลย,missing,negative,missing
ก็ดีซิ มันอาจจะเป็นแบบนั้นจริงๆ,missing,positive,missing
จะมีเสียงรบกวนจากเครื่องบิน เป็นครั้งราว ขึ้นอยู่กับทิศทางลมที่เครื่องบินขึ้น ละข้อดี อยู่ใกล้ไม่ต้องเสียเวลาในการเดินทาง,negative,positive,missing
ไม่ดีเสียงดังรบกวน ดูทีวีไม่รู้เรื่อง ตอนกลางคืนนอนไม่ค่อยได้,negative,negative,missing
มันจะทำให้เสียงดัง ใครๆก็ไม่ต้องการ,negative,negative,missing
มันน่าจะมีผลกระทบกับเรา ทางด้านเสียงและมลภาวะทางอากาศ,negative,missing,negative
ชอบตัดสัญญาณทีวี Internet,missing,negative,missing
เราไม่เคยขึ้นเครื่องบิน มันเกิดเสียงดังรบกวน ได้รับความรำคาญ,negative,negative,missing
มันคงไม่จริง,missing,negative,missing
แต่ฉันคิดว่าไม่โอเคนะ เพราะเสียงเครื่องบินจะรบกวนมาก,negative,negative,missing
ใช่แล้ว การเดินทางก็จะสะดวกสบายมากขึ้น,missing,positive,missing
ไม่ดี จะทำให้เกิดเสียงดังและเหม็นน้ำมันเครื่องบิน,negative,negative,negative
ใช่ ฉันก็เห็นด้วยกับคนสะดวกสบาย ไม่ต้องเดินทางไปใช้บริการไกลๆ,missing,positive,missing
ไม่เลย! มีแต่เสียงดัง รถติดมากขึ้น,negative,negative,missing
"คุณมีความคิดเห็นอย่างไร ถ้ามีการเปิดสนามบินใกล้แหล่งชุมชนที่คุณอยาอาศัย? (การเปิดบริการสนามบินใกล้แหล่งชุมชน
ที่เราอาศัยอยู่มีข้อดีคือพื้นที่บริเวณชุมชนจะเกิดสิ่งอำนวยความสะดวกเพิ่มมากขึ้น แต่ต้องตระหนักถึงผลกระทบที่จะได้รับด้วย)",missing,neutral,missing
ดีมันก็ดี แต่ก็ดังรบกวน,negative,positive,missing
ความสะดวกสบายยังมาไม่ถึงเลย,missing,negative,missing
เห็นด้วย เพราะการเดินทางสะดวกกับการไปทำงาน,missing,positive,missing
ไม่ดี เสียงดัง บ้านก็พัง ไม่ได้รับการชดเชยด้วย โทรทัศน์ก็ไม่ได้,negative,negative,missing
แต่ฉันว่ามันรบกวนคนที่เขาทำงานกลางคืนนะ,negative,negative,missing
"ไม่จริงเลยที่มีการเปิดบิรการสนามบินใกล้ๆบริเวณนี้เพราะจะทำให้เสียงเครื่องบินรบกวนคนที่อยู่บริเวณนั้น
และรบกวนการนอนของคนอื่นๆ",negative,negative,negative
เห็นด้วย,missing,positive,missing
สะดวกสบายอย่างไรไม่ชัดเจน มีแต่ข้อดีและผลกระทบต่อสิ่งแวดล้อมแล้วใครรับผิดชอบ,missing,neutral,missing
ก็ดีเสียงไม่ได้รบกวนอะไร,positive,positive,missing
ผมไม่คิดอย่างนั้นนะครับ,missing,negative,missing
ครับ(เห็นด้วย),missing,positive,missing
เห็นด้วย ตัวบอกความเจริญ,missing,positive,missing
ใช่,missing,positive,missing
ดีค่ะใกล้ๆสนามบินจะมีสิ่งอำนวยความสะดวกมากกว่า,missing,positive,missing
สะดวกสบายแต่ก็เกิดผลกระทบทางอ้อมทั้งหลายอย่างทั้งมลพิษทางอากาศ เสียงเครื่องบินและการจราจรที่คับคั้งมากกว่าเดิม,negative,neutral,negative
ก็ดี ชีวิตสะดวกสบายขึ้น,missing,positive,missing
เสียงดังรบกวน ไม่ชอบ,negative,negative,missing
ไม่ยินดีเลยมันทำให้เสียงดังมากขึ้น,negative,negative,missing
ไม่จริงหรอก เราไม่ไปเมืองนอกนิ,missing,negative,missing
ก็มีทั้งดีและไม่ดีนะ 80% ดี 20% ไม่ดี,missing,positive,missing
ก็โอเคนะ จะได้เจริญ,missing,positive,missing
ไม่ดีอ่ะ ไม่ได้ใช้,missing,negative,missing
มันเสียงดังเกินไป อีกอย่างมัมไม่ได้มีผลอะไรกับเราอ่า,negative,negative,missing
ไม่เอาไม่อยากให้มาเปิดเลย,missing,negative,missing
ไม่ดีเลย เสียงดัง,negative,negative,missing
ไม่เอาหนวกหูไม่ได้อยากขึ้นเครื่องบินอยู่แล้ว,negative,negative,missing
ก็ดีค่ะ มีคนมาเที่ยวเยอะมากขึ้น โดยเฉพาะฝรั่ง ได้ขายของเพิ่มมากขึ้น,missing,positive,missing
ก็ดีนะ ทำให้บ้านเราเจริญ แถวนี้ไกลจากเสียงเครื่องบิน,positive,positive,missing
บางทีมันก็ไม่จำเป็น เราไม่ใช่นักธุรกิจที่ต้องเดินทาง,missing,negative,missing
มันดีนะ,missing,positive,missing
ไม่นะ เฉยๆ,missing,neutral,missing
มันทำให้แออัด การจราจรติดขัด ปัญหาเยอะ แต่มันก็เจริญขึ้น,missing,neutral,missing
ตอนนี้มันก็มีอยู่แล้ว,missing,neutral,missing
มันก็ดี,missing,positive,missing
สะดวกสบายนะ แต่มีเสียงรบกวนมากไปหน่อย,negative,positive,missing
ก็ใช่,missing,positive,missing
ถ้าไม่ขับผ่าน ก็ไม่มีผลกระทบ,missing,neutral,missing
มันไม่เกี่ยวกับเรานะ,missing,neutral,missing
ไม่ดี ไม่ชอบเสียงรบกวน กำลังร้องเรียนอยู่,negative,negative,missing
ไม่นะ,missing,negative,missing
ไม่ดี เสียงดัง,negative,negative,missing
สะดวกสบายสำหรับคนที่ขึ้นเครื่องบิน,missing,positive,missing
ไม่รู้ ชินๆกับที่อยู่,missing,neutral,missing
สะดวกก็สะดวกนะ แต่เราไม่ชอบเสียงดังเลย รถก็ติด,negative,negative,missing
ใช่ เวลาจะไปไหนมาไหนจะได้สะดวก,missing,positive,missing
ผมว่าไม่มีความจำเป็นเรื่องนี้,missing,negative,missing
ไม่เห็นด้วย เพราะ สนามบินไม่จำเป็นต้องมาอยู่ใกล้,missing,negative,missing
สะดวกสบายดี,missing,positive,missing
มีทั้งดีทั้งเสีย ก็สะดวก แต่เสียงดัง,negative,neutral,missing
ดี แต่เสียงดัง,negative,positive,missing
ไม่ดีอ่ะ ไม่มีสนามบินดีกว่า,missing,negative,missing
สะดวกสบายขึ้น แต่ก่อนก็ดีอยู่แล้ว,missing,positive,missing
ก็ดี สัญจรทางอากาศดี แต่หนวกหู,negative,positive,missing
เราไม่ได้ใช้บริการ แต่รถติด,missing,negative,missing
ก็ดี สะดวกสบายดี,missing,positive,missing
ไม่จริง ก็ปกติ ไม่สบายขึ้น หนวกหูด้วย,negative,negative,missing
ไม่ดี ไม่เกี่ยวอะไรกัน,missing,negative,missing
สะดวกสบายยิ่งขึ้นดี,missing,positive,missing
แต่เสียงเครื่องบินดัง ถ้าเครื่องบินเก็บเสียงได้ก็จะดีมาก,negative,missing,missing
ไม่จริงหรอก เราไม่ได้ขึ้นเครื่องบินทุกวัน เราได้ยินแต่เสียงเครื่องบิน ดูTVฟังก็ไม่รู้เรื่อง ชั่วชีวิตจะขึ้นเครื่องบินกี่ครั้งเชียว,negative,negative,missing
ไม่เห็นด้วย เชิงธุรกิจดี แต่วิถีชาวบ้านไม่ดี เสียงรบกวน,negative,negative,missing
นำความเจริญมาให้ ดี เห็นด้วย ยอมรับเรื่องเสียงได้,positive,positive,missing
การเดินทางสะดวกสบายดี แต่มีปัญหาเรื่องเสียงและมลภาวะ,negative,positive,negative
สะดวกสบาย,missing,positive,missing
เห็นด้วย,missing,positive,missing
เฉยๆไม่สะดวกสบาย รู้สึกเหมือนเดิม,missing,neutral,missing
สำหรับคนที่ใช้เครื่องก็สะดวกสบายซิ,missing,neutral,missing
เห็นด้วย,missing,positive,missing
ไม่ค่อยดีครับ เสียงรบกวนมาก,negative,negative,missing
จะทำให้พื้นที่ของเราเจริญขึ้น ทุกคนแถวนี้ได้มีงานทำ,missing,positive,missing
สะดวกสบายทุกอย่าง ยกเว้นหูของเรา,negative,positive,missing
เห็นด้วย,missing,positive,missing
เราว่าไม่ดีนะเพราะเวลาเครื่องบินขึ้นจะทำให้เสียงดังมากและรบกวนคนอื่นด้วย,negative,negative,missing
ดี แต่เสียงดัง เวลาเครื่องบินขึ้นลง,negative,positive,missing
ไม่ดี เสียงดัง เราไม่สามารถอยู่แบบเงียบได้,negative,negative,missing
"ทุกอย่างอยู่ที่คิดหรืออยู่ที่ใจ
-ถ้าคิดลำบาก เดิน3ก้าวขึ้นบันไดก็ลำบากแล้ว
-ถ้าคิดว่าสบาย ขึ้นรถเมล์ นั่งมอเตอร์ไซต์ ก็เดินทางสบาย
ที่สำคัญคนแถวนี้มิได้ใช้เครื่องบิน คนที่อื่นทั้งนั้น แต่ชาวบ้านไม่ต่อต้าน แต่ก็ไม่ได้สนับสนุน(สู้วางเฉย และพร้อมรับ
ถึงผลการเปลี่ยนแปลงดีกว่าครับ)",missing,neutral,missing
เห็นด้วย พี่ชอบ,missing,positive,missing
ก็ดี บ้านเมืองจะได้เจริญขึ้น รถก็จะติดมากขึ้น มีนักท้องเที่ยวมาเที่ยวมากขึ้น ที่ดินก็จะแพงขึ้น,missing,neutral,missing
ผู้คนก็เยอะวุ่นวาย,missing,negative,missing
ใช่ มีแต่ความเจริญของชุมนุม แต่ก็ทำให้สภาพแวดล้อมหลายๆด้านเสียไปถ้าทางราชการไม่ควบคุมแก้ไข,missing,positive,missing
มีทั้งข้อดีข้อเสียนะ,missing,neutral,missing
ฉันว่าไม่ดีขึ้น เช่นปกติน้ำฝนที่ใช้ได้กลับใช้ไม่ได้ ถ้าถามว่าอยากให้มี/ไม่มี ไม่อยากให้มีเลย,missing,negative,missing
ก็ดีนะ ก็สะดวกสบายชั้น ก็ไม่ได้รบกวนเท่าไหร่,neutral,positive,missing
ก็ดีค่ะ ใกล้ดี,missing,positive,missing
ไม่ดี ตั้งแต่มีเครื่องบิน,missing,negative,missing
ดีอย่างเสียอย่าง,missing,neutral,missing
เห็นด้วยในเรื่องความสะดวกสบาย,missing,positive,missing
ไม่ดีขึ้นหรอก หนวกหูจะตาย มาที ทีวีก็ดูไม่ได้,negative,negative,missing
ค่ะ สะดวกสบายขึ้น,missing,positive,missing
หนวกหู รบกวน,negative,negative,missing
ไม่ชอบ หนวกหู,negative,negative,missing
ดี สะดวกสบาย,missing,positive,missing
เห็นด้วย,missing,positive,missing
สะดวกสบายจริง แต่มันเสียงดัง ดีอย่างเสียอย่าง,negative,positive,missing
ไม่เห็นด้วย,missing,negative,missing
ไม่เห็นด้วย เพราะเราม่ใช่สนามบิน,missing,negative,missing
ไม่ชอบ มันหนวกหู,negative,negative,missing
ก็ดีนะ เห็นด้วย บ้านเมืองเจริญขึ้นเราก็เห็นด้วย,missing,positive,missing
ผมรู้สึกเฉยๆ เพราะไม่ได้ใช้บริการของสนามบินบ่อยอยู่แล้ว,missing,neutral,missing
ผมก็ว่ามันดี รำคาญนิดหน่อยแต่ก็อยู่ได้,negative,positive,missing
