Sentence (Col H),Aspect (id),Sentiment label (id)
รู้สึกเจริญขึ้น แต่รถติดเยอะขึ้น มีคนอาศัยอยู่แถวนี้เยอะขึ้น,conv,neu
ทำให้รถวิ่งมากขึ้นการจราจรติดขัด มลภาวะจากรถยนต์มากขึ้น,health,n
ทำให้รถวิ่งมากขึ้นการจราจรติดขัด มลภาวะจากรถยนต์มากขึ้น,conv,n
สะดวกสบาย เสียงจากสนามบินไม่มี,conv,p
สะดวกสบาย เสียงจากสนามบินไม่มี,noise,p
แต่ปัญหารถติด ลำบากในการไปทำงาน,conv,n
ดีสะดวกสบายดี เข้าอาเซียน อาจจะทำให้การค้าขายดีขึ้น,conv,p
มันจะเป็นประโยชน์ต่อคนทั่วๆไป แต่สำหรับฉัน ฉันว่ามันจะดังรบกวน,conv,p
มันจะเป็นประโยชน์ต่อคนทั่วๆไป แต่สำหรับฉัน ฉันว่ามันจะดังรบกวน,noise,n
สะดวกแต่เสียงดัง,conv,p
สะดวกแต่เสียงดัง,noise,n
ดีมากในแง่ของความสะดวกสบายเจริญดีขึ้น แต่เรื่องสุขภาพร่างกายจะแย่ลง,conv,p
ดีมากในแง่ของความสะดวกสบายเจริญดีขึ้น แต่เรื่องสุขภาพร่างกายจะแย่ลง,health,n
ดี,conv,p
ก็ดีมันทำให้ชีวิตสะดวกสบายดีนะ,conv,p
ดีได้ไง เสียงจากเครื่องบิน,noise,n
ไม่เอาค่ะ ความวุ่นวายจะตามมา,conv,n
มันดีมากเลย มันเจริญ,conv,p
มีทั้งข้อดีและข้อเสีย ข้อดี คือ มีสิ่งอำนวยความสะดวกบ้านเมืองเจริญ ข้อเสีย คือ เสียงดังรบกวน,conv,p
มีทั้งข้อดีและข้อเสีย ข้อดี คือ มีสิ่งอำนวยความสะดวกบ้านเมืองเจริญ ข้อเสีย คือ เสียงดังรบกวน,noise,n
ไม่ดีเลย,conv,n
ไม่เกี่ยวไม่มีผลอะไรนะ,conv,neu
ก็สบาย ไปเล่นได้,conv,p
ไม่เห็นดีเลย หนวกหู ดูทีวีก็ไม่รู้เรื่อง คุยโทรศัพท์ก็ไม่ได้ยิน,conv,n
ไม่เห็นดีเลย หนวกหู ดูทีวีก็ไม่รู้เรื่อง คุยโทรศัพท์ก็ไม่ได้ยิน,noise,n
ดี เศรษฐกิจดีขึ้น,conv,p
ดี สะดวกสบายดีแต่จะมีปัญหามลพิษ,conv,p
ดี สะดวกสบายดีแต่จะมีปัญหามลพิษ,health,n
ไม่ดีเลย เสียงดังรบกวน มลพิษอากาศ แต่ก็ดีอย่างเสียอย่าง,conv,neu
ไม่ดีเลย เสียงดังรบกวน มลพิษอากาศ แต่ก็ดีอย่างเสียอย่าง,noise,n
ไม่ดีเลย เสียงดังรบกวน มลพิษอากาศ แต่ก็ดีอย่างเสียอย่าง,health,n
ก็ดีแหละ แต่เสียงจะดัง,noise,n
ก็ดีแหละ แต่เสียงจะดัง,conv,p
ใช่ค่ะ แต่ถ้าเสียงไม่ดังจะดีกว่านี้,noise,n
ใช่ค่ะ แต่ถ้าเสียงไม่ดังจะดีกว่านี้,conv,p
ก็เจริญขึ้นแต่เสียงรบกวนเราอยู่ที่ใกล้ๆสนามบิน,conv,p
ก็เจริญขึ้นแต่เสียงรบกวนเราอยู่ที่ใกล้ๆสนามบิน,noise,n
ดี สะดวกสบาย,conv,p
ดี จะเหมาะสำหรับประกอบธุรกิจ แต่มีมลภาวะทางเสียง,conv,p
ดี จะเหมาะสำหรับประกอบธุรกิจ แต่มีมลภาวะทางเสียง,noise,n
ไม่ได้สบายทุกอย่างหรอก,conv,n
สะดวกสบายดี เรื่องของกินของใช้ดีนะ,conv,p
ใช่ เห็นด้วย,conv,p
ไม่จริงเสมอไป อาจจะคับคั่งไม่สะดวกในการเดินทางก็ได้,conv,n
ดี จะได้ช่วยอำนวยความสะดวก มีความเจริญเข้ามา,conv,p
ฉันไม่อยากให้มีสนามบินบริเวณนี้ หนวกหูมันทำให้การจราจรแน่นหนา ฉันไม่สามารถโดยสารเครื่องบินที่นี่ เพราะฉันต้องขึ้นเครื่องบินที่สานมบินดอนเมือง เพราะส่วนมากจะบินภายในประเทศ,noise,n
ฉันไม่อยากให้มีสนามบินบริเวณนี้ หนวกหูมันทำให้การจราจรแน่นหนา ฉันไม่สามารถโดยสารเครื่องบินที่นี่ เพราะฉันต้องขึ้นเครื่องบินที่สานมบินดอนเมือง เพราะส่วนมากจะบินภายในประเทศ,conv,n
ไม่แน่เสมอไป อย่างน้อยเสียงก็รบกวนความเป็นอยู่ เพราะเมื่อกลับมาบ้านก็อยากจะพักผ่อน,conv,n
ไม่แน่เสมอไป อย่างน้อยเสียงก็รบกวนความเป็นอยู่ เพราะเมื่อกลับมาบ้านก็อยากจะพักผ่อน,noise,n
ฉันคิดว่ามันมีปัจจัยเสี่ยงเข้ามาในชีวิตของเรา ถ้าจะต้องแลกกับความสะดวกสบาย,conv,neu
ใช่คะ,conv,p
ไม่เป็นจริง การคมนาคม การจราจรทำให้เพิ่มปัญหามากขึ้น การเดินทางรถจะติดมากขึ้นใช้เวลาในการเดินทางมากขึ้น เวลาพักผ่อนจะลดลง ปัญหาสิ่งแวดล้อมจะตามมาอีกมากมาย ถ้าไม่เชื่อคอยดู 5-10 ปี,conv,n
มันได้ 2 แง่ 1.มีความเจริญเพิ่มมากขึ้น 2.ความเจริญไปรบกวนความสุขส่วนตัว,conv,neu
ก็ดีนะ แต่ชอบแบบก่อนหน้านี้มากกว่า,conv,neu
สะดวกสบายดีแต่มีเสียงรบกวน,conv,p
สะดวกสบายดีแต่มีเสียงรบกวน,noise,n
ก็ดีที่มีนะ แต่รถติด,conv,neu
ก็มาอยู่เพราะมีสนามบิน แต่รถติดไปหน่อย,conv,neu
เฮ้ย! มันเสียงดังนะ มันรบกวนคนอื่นด้วยนะ,conv,n
เฮ้ย! มันเสียงดังนะ มันรบกวนคนอื่นด้วยนะ,noise,n
ก็ดีสะดวกสบายมาก ไม่ต้องไปไกล,conv,p
ก็ดีสะดวกสบายในการเดินทาง,conv,p
สะดวก,conv,p
ก็ดีสะดวกในการเดินทาง,conv,p
มันก็สะดวกสบาย แต่เสียงที่ดังรบกวนทำให้รู้สึกรำคาญ,conv,p
มันก็สะดวกสบาย แต่เสียงที่ดังรบกวนทำให้รู้สึกรำคาญ,noise,n
ไม่ดี เพราะเกิดเสียงดังมากขึ้น คนพลุกพล่านทำให้รถติด,conv,n
ไม่ดี เพราะเกิดเสียงดังมากขึ้น คนพลุกพล่านทำให้รถติด,noise,n
ดีเพราะสนามบินอยู่ใกล้ ก็สะดวกดีแต่เสียงดังรบกวน,conv,p
ดีเพราะสนามบินอยู่ใกล้ ก็สะดวกดีแต่เสียงดังรบกวน,noise,n
แต่รถก็ติดขึ้นด้วย กว่าจะกลับถึงบ้านใช่เวลานาน,conv,n
ก็ไม่ได้สะดวกมากขึ้น แต่ก็ไม่สามารถจะทำอะไรได้ ถ้ามีการเปิดสนามบิน,conv,n
สะดวกสบายดี เวลามีเพื่อนมาก็ไปรับไปส่งได้ง่าย,conv,p
เห็นด้วย จะสะดวกสบายยิงขึ้น แต่จะมีเสียงรบกวน,conv,p
เห็นด้วย จะสะดวกสบายยิงขึ้น แต่จะมีเสียงรบกวน,noise,n
แต่มีปัญหาเรื่องเสียงรบกวนตามมา,noise,n
มันก็มีทั้งดีและไม่ดีแหละ,conv,neu
ก็ดีนะ แต่จะมีเสียงดังรบกวน,conv,p
ก็ดีนะ แต่จะมีเสียงดังรบกวน,noise,n
ดี แต่มีเสียงรบกวนมากๆ,conv,p
ดี แต่มีเสียงรบกวนมากๆ,noise,n
ดี ลูกมีงานทำ,conv,p
ก็ดี มีความเจริญมากขึ้น แต่จะมีเสียงดังของเครื่องบิน,conv,p
ก็ดี มีความเจริญมากขึ้น แต่จะมีเสียงดังของเครื่องบิน,noise,n
ไม่เลย เสียงจะดังรบกวน,conv,n
ไม่เลย เสียงจะดังรบกวน,noise,n
หรา รถติดทุกวันอะดิ,conv,n
ตอนแรกก็คิดว่าอย่างนั้นนะแต่พอมาลองสัมผัสมันไม่ใช่เลยมีแต่เสียงรบกวนตลอดเวลา,conv,n
ตอนแรกก็คิดว่าอย่างนั้นนะแต่พอมาลองสัมผัสมันไม่ใช่เลยมีแต่เสียงรบกวนตลอดเวลา,noise,n
สนามบินดีนะ สะดวกสบายในการเดินทางไปต่างประเทศ รวมถึงมีแอร์พอตลิงค์ทำให้สะดวกในการเดินทางยิ่งขึ้น,conv,p
ดีเหมือนกัน เรารู้สึกว่าพื้นที่แถวนี้กำลังได้รับความสนใจมากขึ้นนะ น่าจะมีโครงการพัฒนาใหม่ๆ มา น่าตื่นเต้นดี,conv,p
ก็สะดวกสบายนะ แต่มีเสียงดัง,conv,p
ก็สะดวกสบายนะ แต่มีเสียงดัง,noise,n
พี่เห็นด้วยกับการเจริญขึ้นนะ,conv,p
ก็ดีค่ะ แต่อาจมีเสียงรบกวนหน่อย,conv,p
ก็ดีค่ะ แต่อาจมีเสียงรบกวนหน่อย,noise,n
ก็ดีนะ เศรษฐกิจจะได้ดี เช่น บ้านเช่า,conv,p
ดีขึ้น แต่มีเสียงก็ยังรบกวน,conv,p
ดีขึ้น แต่มีเสียงก็ยังรบกวน,noise,n
ดี กิจการที่บ้านดีขึ้น,conv,p
ดี แต่มีเสียงรบกวน,conv,p
ดี แต่มีเสียงรบกวน,noise,n
แม้จะมีความสะดวกสบายอยู่มาก แต่เราอาจได้รับมลพิษทางเสียง จากากรคมนาคมโดยเฉพาะเครื่องบิน ซึ่งอาจจะส่งผลเสียต่อสุขภาพและคุรภาพการใช้ชีวิตของเราในระยะยาวได้,conv,p
แม้จะมีความสะดวกสบายอยู่มาก แต่เราอาจได้รับมลพิษทางเสียง จากากรคมนาคมโดยเฉพาะเครื่องบิน ซึ่งอาจจะส่งผลเสียต่อสุขภาพและคุรภาพการใช้ชีวิตของเราในระยะยาวได้,noise,n
แม้จะมีความสะดวกสบายอยู่มาก แต่เราอาจได้รับมลพิษทางเสียง จากากรคมนาคมโดยเฉพาะเครื่องบิน ซึ่งอาจจะส่งผลเสียต่อสุขภาพและคุรภาพการใช้ชีวิตของเราในระยะยาวได้,health,n
ใช่เลย ทุกอย่างมีการพัฒนา ถนน รถไฟฟ้า Airport Link,conv,p
พอสมควร,conv,neu
ก็ดีอะ,conv,p
ไม่ดีเลยเสียงรบกวนแล้วการจราจรรถติดมากขึ้นตามมาทำให้ความเป็นอยู่ไม่สะดวก,noise,n
ไม่ดีเลยเสียงรบกวนแล้วการจราจรรถติดมากขึ้นตามมาทำให้ความเป็นอยู่ไม่สะดวก,conv,n
ดี มีความเจริญเข้ามา,conv,p
ไม่ดีเลย วุ่นวาย,conv,n
ไม่ดีเลยทำให้รถติด,conv,n
สะดวกสบายแต่เครื่องบินเสียงดังมากๆ ฝุ่นในบ้านเยอะมากๆ,conv,p
สะดวกสบายแต่เครื่องบินเสียงดังมากๆ ฝุ่นในบ้านเยอะมากๆ,noise,n
สะดวกสบายแต่เครื่องบินเสียงดังมากๆ ฝุ่นในบ้านเยอะมากๆ,health,n
จริงหรอ มลพิษทางเสียง การจราจร จริงอยู่ มีงานทำ มีรายได้เพิ่มขึ้นจากพนักงานภายใต้สนามบินแต่ความสะดวงสบายไม่ได้เกิดขึ้น เพราะไม่ได้เดินทางด้วยเครื่องบินทุกวัน,noise,n
จริงหรอ มอลพิษทางเสียง การจราจร จริงอยู่ มีงานทำ มีรายได้เพิ่มขึ้นจากพนักงานภายใต้สนามบินแต่ความสะดวงสบายไม่ได้เกิดขึ้น เพราะไม่ได้เดินทางด้วยเครื่องบินทุกวัน,conv,n
ดีที่มีความสะดวกสบายเพิ่มขึ้น แต่ผลกระทบก็มากตาม,conv,p
ไม่เห็นดีเลยเสียงดัง,noise,n
ดีมากครับ,conv,p
ก็ดีนะ,conv,p
ก็เห็นด้วย การเดินทางสะดวกขึ้น,conv,p
1.สะดวกในการเดินทางไปสนามบิน 2.เสียงไม่รบกวน,conv,p
1.สะดวกในการเดินทางไปสนามบิน 2.เสียงไม่รบกวน,noise,n
เห็นด้วยจ๊ะ,conv,p
ก็โอเคนะ,conv,p
ไม่เห็นด้วย,conv,n
จะได้ไปถึงที่นัดหมายเร็วมากขึ้น,conv,p
ก็ดีแต่ก็มีข้อเสียในเรื่องของเสียงรบกวนหน้าจะทำการวิจัยเรื่องการแก้ไขปัญหาที่อยู่อาศัยบริเวณนี้,conv,p
ก็ดีแต่ก็มีข้อเสียในเรื่องของเสียงรบกวนหน้าจะทำการวิจัยเรื่องการแก้ไขปัญหาที่อยู่อาศัยบริเวณนี้,noise,n
แต่มันก็มีผลกระทบทางอื่นๆ สำหรับคนที่อยู่มาก่อนหน้านี้นะตัวเอง การจราจรก็ติดขัดมากขึ้นด้วย,conv,n
ดีขึ้น,conv,p
ดีเห็นด้วยเลย,conv,p
ก็ดี แถวนี้จะได้เจริญมากขึ้น,conv,p
ดี แต่เวลาเครื่องบินขึ้นจะมีเสียงรบกวน,noise,n
ดี แต่เวลาเครื่องบินขึ้นจะมีเสียงรบกวน,conv,p
ฉันเห็นด้วย,conv,p
ดี จะได้มีการคมนาคมที่สะดวกสบาย,conv,p
ดีเหมือนกัน คนจะได้มีงานทำ เศรษฐกิจจะได้ดีขึ้น,conv,p
ไม่ค่อยดี จะมีเสียงรบกวน,conv,n
ไม่ค่อยดี จะมีเสียงรบกวน,noise,n
ก็ดี ก็ทัดเทียมกับต่างชาติ แต่เสียงรบกวน,conv,p
ก็ดี ก็ทัดเทียมกับต่างชาติ แต่เสียงรบกวน,noise,n
ดีนะ การเดินทางจะได้สะดวกสบาย,conv,p
สะดวกสบายก็จริง แต่เราต้องเจอกับเสียงที่คอยรบกวน และยังมีผู้คนเข้ามาเยอะแยะบางทีก้ทำให้ดูวุ่นวาย การเปิดสนามบิน ก็มีทั้งข้อดี และข้อเสียพอๆกันเลย,conv,p
สะดวกสบายก็จริง แต่เราต้องเจอกับเสียงที่คอยรบกวน และยังมีผู้คนเข้ามาเยอะแยะบางทีก้ทำให้ดูวุ่นวาย การเปิดสนามบิน ก็มีทั้งข้อดี และข้อเสียพอๆกันเลย,noise,n
สะดวกนะ ทำให้มีงานทำ,conv,p
มันจะมีเสียงดังรบกวน,noise,n
มีดีและข้อเสีย การคมนาคมดีขึ้น,conv,neu
ทำไมความเจริญจึงต้องงมารบกวนสิทธิความเป็นอยู่ของเรา,conv,n
มันจะทำให้เกิดมลภาวะทางเสียง,noise,n
 สะดวกสบายมากขึ้น แต่ทำให้รถมากขึ้น ทำให้สายต่อการทำงาน,conv,neu
แต่จะมีปัญหามลพิษ,health,n
แต่เสียงรบกวนทำให้ฉันนอนไม่หลับนะ,noise,n
มันก้ดี แต่จะมีเสียงดังรบกวน,conv,p
มันก้ดี แต่จะมีเสียงดังรบกวน,noise,n
ไม่รู้ซิเราไม่ได้ผลประโยชน์และไม่ได้เสียประโยชน์อะไร,conv,neu
สะดวกสบายดี แต่รบกวนเสียงจากเครื่องบินมาก และสัณญาณทีวี,conv,p
สะดวกสบายดี แต่รบกวนเสียงจากเครื่องบินมาก และสัณญาณทีวี,noise,n
ดี เดินทางสบาย,conv,p
ไม่ดี เกิดเสียงดัง,conv,n
ไม่ดี เกิดเสียงดัง,noise,n
ก็ดี,conv,p
ก็สะดวกสบายดี เดินทางไปสนามบินใกล้,conv,p
ใช่สะดวกจริงดีจริง,conv,p
ก็ดีอ่ะนะ,conv,p
ก็คงดี มันสะดวกในหลายๆด้าน,conv,p
ก็ดีนะ ความเจริญมันก็เข้ามาไง ,conv,p
ก็ดีซินะ เราจะได้ไปไหนก็ดี,conv,p
ก็ดีอ่ะ,conv,p
ก็ดีอ่ะ ทำให้เราเดินทางได้ง่าย,conv,p
มันก็จริงอ่ะ สะดวก แต่รถติด,conv,neu
มันก็ดี จะได้ไปไหนสะดวกขึ้น,conv,p
ไม่ดี เพราะจะถูกรบกวนจากเสียง,conv,n
ไม่ดี เพราะจะถูกรบกวนจากเสียง,noise,n
ดี แต่มีเสียงดังไปหน่อย,conv,p
ดี แต่มีเสียงดังไปหน่อย,noise,n
ไม่ค่อยสะดวก หนวกหู ทำให้รถติด,conv,n
ไม่ค่อยสะดวก หนวกหู ทำให้รถติด,noise,n
ก็ดีนะ ทันสมัย สะดวกรวดเร็ว,conv,p
ดีค่ะ สะดวกสบาย,conv,p
ไม่เป็นอย่างที่คิดแน่ ความเดือดร้อนมาเยือน,conv,n
สะดวกขึ้นก็จริง แต่เสียงรบกวน,noise,n
สะดวกขึ้นก็จริง แต่เสียงรบกวน,conv,p
มีข้อดีและข้อเสีย เราไม่ได้เดินทางด้วยเครื่องบินบ่อยๆ จึงไม่ค่อยได้ประโยชน์ซักเท่าไหร่ ค่อนข้างรำคาญกับเสียงที่ตามมา,conv,neu
มีข้อดีและข้อเสีย เราไม่ได้เดินทางด้วยเครื่องบินบ่อยๆ จึงไม่ค่อยได้ประโยชน์ซักเท่าไหร่ ค่อนข้างรำคาญกับเสียงที่ตามมา,noise,n
ดี แต่ต้องควบคุมให้ระดับให้เป็นที่ยอมรับกันทั่วโลก และควรมีข้อกำหนดในการปรับปรุงเสียงเครื่องบินให้ลดลง,conv,p
ดี แต่ต้องควบคุมให้ระดับให้เป็นที่ยอมรับกันทั่วโลก และควรมีข้อกำหนดในการปรับปรุงเสียงเครื่องบินให้ลดลง,noise,n
มันก็ดีกับคนที่ใช้ แต่รบกวนคนที่ได้รับผลกระทบ หนวกหู,conv,neu
มันก็ดีกับคนที่ใช้ แต่รบกวนคนที่ได้รับผลกระทบ หนวกหู,noise,n
โอเค ,conv,p
อยู่แบบนี้แล้ว ไม่ใกล้ไม่ไกลเกินไป,conv,neu
การคมนาคมขนส่งสะดวกมากขึ้น แต่ก็สร้างความลำบากทางด้านการจราจรไม่น้อย,conv,neu
ก็ดีนะ จะนำความเจริญมาสู่ท้องถิ่น,conv,p
ก็ไม่ได้สะดวกสบาย เพราะไม่ได้ใช้บริการ,conv,n
มีเสียงรบกวน รถติด ที่ซื้อบ้านเดี่ยวเพราะอยากอยู่เงียบๆ,noise,n
มีเสียงรบกวน รถติด ที่ซื้อบ้านเดี่ยวเพราะอยากอยู่เงียบๆ,conv,n
สะดวกสำหรับคนใช้เครื่องบินแต่ไม่มีประโยชน์กับลูกจ้างอย่างฉันเพราะฉันไม่ได้ใช้เครื่องบินเดินทางไปทำงานนะ,conv,neu
ไม่ดี เพราะหนวกหูมันใกล้กับสนามบิน,conv,n
ไม่ดี เพราะหนวกหูมันใกล้กับสนามบิน,noise,n
ก็ดี เดินทางสะดวกสำหรับบางคนแต่กับบางคนคงไม่ดีและการจราจรอาจติดขัด และเสียงของเครื่องบินที่รบกวนเวลาพักผ่อนอีก,conv,neu
ก็ดี เดินทางสะดวกสำหรับบางคนแต่กับบางคนคงไม่ดีและการจราจรอาจติดขัด และเสียงของเครื่องบินที่รบกวนเวลาพักผ่อนอีก,noise,n
ดี สะดวกสบายมากขึ้น,conv,p
มันไม่สะดวกเพราะรำคาญเป็นเสียงเครื่องบิน นอนๆก็สะดุ้ง,conv,n
มันไม่สะดวกเพราะรำคาญเป็นเสียงเครื่องบิน นอนๆก็สะดุ้ง,noise,n
เป็นเรื่องปกติ ธรรมดาเป็นสิ่งดีไม่ได้รำคาญเรื่องเสียงใดๆ,noise,p
ก็จริง เพราะว่าเวลาเดินทาง ไปต่างประเทศจะได้สะดวกมากขึ้น,conv,p
เสียงดังรบกวน การจราจรติดขัด สุขภาพแย่ลง,noise,n
เสียงดังรบกวน การจราจรติดขัด สุขภาพแย่ลง,conv,n
เสียงดังรบกวน การจราจรติดขัด สุขภาพแย่ลง,health,n
ก็ดีนะดูพัฒนาขึ้นมา ถนน การสัญจรไปมา,conv,p
สนามบินควรจะอยู่ห่างจากตัวเมือง น่าจะดีกว่านะ,conv,n
ไม่จริง รถติด,conv,n
จริงด้วย แต่จะมีปัญหาเรื่องรถติดและเสียงรบกวนหรือเปล่านะ,conv,neu
จริงด้วย แต่จะมีปัญหาเรื่องรถติดและเสียงรบกวนหรือเปล่านะ,noise,n
ไม่เลย จะมีเสียงเครื่องบินรบกวนอยู่ตลอดเวลา ยกเว้น มีเวลาห้ามให้เครื่องบินลงในเวลาที่กำหนดลงเท่านั้น,conv,n
ไม่เลย จะมีเสียงเครื่องบินรบกวนอยู่ตลอดเวลา ยกเว้น มีเวลาห้ามให้เครื่องบินลงในเวลาที่กำหนดลงเท่านั้น,noise,n
ดี คนมีงานทำเยอะ,conv,p
แต่เสียงอาจรบกวนเรานะ,noise,n
ไม่เห็นด้วย,conv,n
ไม่เลย ฉันชอบความเป็นอยู่ในอดีต ตั้งแต่มีสนามบิน บินเสียงดังมาก และทำให้การจราจรติดขัดในตอนเช้าและตอนเย็น,conv,n
ไม่เลย ฉันชอบความเป็นอยู่ในอดีต ตั้งแต่มีสนามบิน บินเสียงดังมาก และทำให้การจราจรติดขัดในตอนเช้าและตอนเย็น,noise,n
สะดวกสบาย แต่รถติดมาก,conv,neu
ไม่จริงมั้ง เสียงดังจะตายไป,conv,n
ไม่จริงมั้ง เสียงดังจะตายไป,noise,n
สะดวกสบายดี,conv,p
ไม่ดี มันหนวกหู,conv,n
ไม่ดี มันหนวกหู,noise,n
สะดวกสบายเฉพาะเวลาใช้สนามบิน แต่สนามบินมีส่วนทำให้รถติด,conv,neu
ไม่เอาเลย,conv,n
ความสะดวกสบายในการใช้สนามบินซึ่งอยู่ใกล้ แต่ผลกระทบจากเสียงเครื่องบินอยู่ในชั้นรบกวนอย่างมาก,noise,n
ความสะดวกสบายในการใช้สนามบินซึ่งอยู่ใกล้ แต่ผลกระทบจากเสียงเครื่องบินอยู่ในชั้นรบกวนอย่างมาก,conv,p
ทุกวันก็สบายดี ไม่เห็นลำบาก ก็เผื่อเวลาเดินทางสิ อยู่กรุงเทพยังไม่ชินเหรอ,conv,p
ไม่ดี,conv,n
ครับ เยี่ยมเลย,conv,p
โอเค,conv,p
ดี,conv,p
ดี แต่เสียงเครื่องดังไปหน่อย,noise,n
ดี แต่เสียงเครื่องดังไปหน่อย,conv,p
หนวกหู,noise,n
ไม่ดีเลย เพราะเสียงดัง,conv,n
ไม่ดีเลย เพราะเสียงดัง,noise,n
เห็นด้วย,conv,p
ดีค่ะ มันเจริญขึ้น,conv,p
ดีค่ะ,conv,p
เฉยๆค่ะ,conv,neu
ก็ดี เดินทางสะดวก,conv,p
ดี เดินทางสะดวกสบาย เดินทางสบาย,conv,p
ไม่เห็นด้วย เพราะอาจจะเพิ่มมลภาวะสิ่งแวดล้อมและกระทบต่อวิถีชีวิตแบบธรรมชาติ,health,n
แต่ต้องทนเสียงดังรบกวน,noise,n
ไม่เสมอไปหรอก สิ่งที่ตามมากับความเจริญก็มีด้านลบเยอะเหมือนกัน,conv,neu
ไม่นะ เราไม่ชอบ ทำให้เสียงดังมาก,conv,n
ไม่นะ เราไม่ชอบ ทำให้เสียงดังมาก,noise,n
ใช่ค่ะ ถูกต้องค่ะ,conv,p
ก็ดี เดินทางสะดวกในเวลาจำเป็น แต่เวลาใช้ชีวิตปกติมีปัญหาการจราจรมาก,conv,neu
ข้อดี ก็มีความเจริญ และข้อเสีย เสียงรบกวน,conv,p
ข้อดี ก็มีความเจริญ และข้อเสีย เสียงรบกวน,noise,n
โอเค สะดวกสบายดี,conv,p
ความสะดวกสบายโอเคนะ แต่เรื่องเครื่องบินไม่ไหว ความเจริญก็เข้ามามาก,noise,n
ความสะดวกสบายโอเคนะ แต่เรื่องเครื่องบินไม่ไหว ความเจริญก็เข้ามามาก,conv,p
ไม่นะ รำคาญเสียงเครื่องบิน,conv,n
ไม่นะ รำคาญเสียงเครื่องบิน,noise,n
ก็โอเค เพราะสะดวกสบายหลายอย่าง ห้างสรรพสินค้าเยอะ รถประจำทางสะดวกดี,conv,p
ไม่จริง 10ปีผ่านมาไม่เห็นจะมีอะไรดีขึ้นเลย รถติดมากยิ่งขึ้นอีก,noise,n
สะดวกสบายต่อการเดินทางมากขึ้น,conv,p
มีความสะดวกสบายขึ้นก็จริง แต่ก็ทำให้การจราจรติดขัดมากขึ้นและมีเสียงรบกวนจากเครื่องบินเวลาบินขึ้น-ลง,conv,neu
มีความสะดวกสบายขึ้นก็จริง แต่ก็ทำให้การจราจรติดขัดมากขึ้นและมีเสียงรบกวนจากเครื่องบินเวลาบินขึ้น-ลง,noise,n
มันก็สะดวกอยู่ แต่เสียงรบกวนจากเครื่องบินทำให้รู้สึกรำคาญ บางทีที่เครื่องบินบินผ่านก็ไม่ค่อยมีสัญญาณทีวีหรืออินเตอร์เน็ต,conv,p
มันก็สะดวกอยู่ แต่เสียงรบกวนจากเครื่องบินทำให้รู้สึกรำคาญ บางทีที่เครื่องบินบินผ่านก็ไม่ค่อยมีสัญญาณทีวีหรืออินเตอร์เน็ต,noise,n
เห็นด้วย ทำให้บ้านเมืองเจริญ,conv,p
ดี การคมนาคมดีขึ้น ที่ดินแพงขึ้น บ้านแพงขึ้น,conv,p
ดี สะดวกคมนาคม ยอมรับรถติดได้ ถนนดีขึ้นมากๆ,conv,p
จริง หมู่บ้านร้านค้าเยอะขึ้น,conv,p
เจริญอยู่ บุตรหลานค้าขายดี สะดวกสบาย แต่รถติด,conv,neu
ก็ไม่อยากขัดความเจริญ แต่การมาสนามบิน รถติดอย่างมาก รถขนของก็มาทุกเวลา ไม่เห็นควบคุมเลย,conv,n
มีส่วนจริง เพราะนำพาความเจริญมาให้ มีผู้อยู่อาศัยมาขึ้น แต่ก็มีผลกระทบต่อการใช้ชีวิตโดยเฉพาะเรื่องผลกระทบทางเสียง การจราจรที่ติดขัดมากขึ้น,conv,neu
มีส่วนจริง เพราะนำพาความเจริญมาให้ มีผู้อยู่อาศัยมาขึ้น แต่ก็มีผลกระทบต่อการใช้ชีวิตโดยเฉพาะเรื่องผลกระทบทางเสียง การจราจรที่ติดขัดมากขึ้น,noise,n
รถติดทุกวันเดินทางล่าช้า ควรปรับปรุงการจราจร ตำรวจไม่ทำงาน,conv,n
ไม่ดีเลย เพราะมีเสียงรบกวนอย่างมากและทางสนามบินไม่เคยที่จะรับฟังความคิดเห็นของผู้ที่มาอาศัยเลย,conv,n
ไม่ดีเลย เพราะมีเสียงรบกวนอย่างมากและทางสนามบินไม่เคยที่จะรับฟังความคิดเห็นของผู้ที่มาอาศัยเลย,noise,n
ไม่หรอก มันมีเสียงรบกวนอย่างมาก เป็นระยะที่ขึ้น-ลง ของเครื่อง,conv,n
ไม่หรอก มันมีเสียงรบกวนอย่างมาก เป็นระยะที่ขึ้น-ลง ของเครื่อง,noise,n
ไม่ดีเลย รถติด เสียงดัง,conv,n
ไม่ดีเลย รถติด เสียงดัง,noise,n
ก็ดี การเดินทางดี,conv,p
ตอนแรกยังดี แต่เสียงเริ่มรบกวนมากขึ้นตลอดชีวิต ลูกหลานในอนาคตจะยิ่งกว่านี้,noise,n
เสียงดังไปหน่อย,noise,n
นั่นสิ เพราะอย่างน้อยก็ต้องมีการปรับปรุงถนนให้เพียงพอกับจำนวนรถที่เพิ่มขึ้น,conv,n
เจริญ ไม่เดือนร้อน,conv,p
ฉันก็คิดเช่นนั้น,conv,p
ก็ดีปกติที่บ้านไม่ค่อยได้เดินทาง แต่เสียงดัง,conv,p
ก็ดีปกติที่บ้านไม่ค่อยได้เดินทาง แต่เสียงดัง,noise,n
ไม่จำเป็นที่จะต้องมี ไม่ได้เดือนร้อนกับชีวิต มีก็ดี ไม่มีก็ดี,conv,neu
สะดวกสบายดี ถ้าเปิดใกล้บ้าน แต่จะทำให้รถติดได้,conv,neu
ไม่ดี เหมือนรถจะติดทำให้เกิดมลภาวะเป็นพิษ,conv,n
ไม่ดี เหมือนรถจะติดทำให้เกิดมลภาวะเป็นพิษ,health,n
ไม่ดี,conv,n
ดีอย่างเสียอย่าง ได้ความสะดวกสบาย แต่ก็ทำให้รถติด เกิดมลพิษ,health,n
ดีอย่างเสียอย่าง ได้ความสะดวกสบาย แต่ก็ทำให้รถติด เกิดมลพิษ,conv,neu
สะดวกดีในการเดินทาง รถไม่ติด,conv,p
ดีนะ เดินทางสะดวก,conv,p
ไม่พอใจมากค่ะ มันไม่ดีเลย,conv,n
ทำให้สะดวกขึ้น มีผลกระทบเป็นเรื่องธรรมดา,conv,p
เสียงดังมากๆ,noise,n
ไม่ดีนะ เสียงเครื่องบินรบกวน รถติด,conv,n
ไม่ดีนะ เสียงเครื่องบินรบกวน รถติด,noise,n
"ใช่ เช่นรถติด มลพิษทางอากาศมากขึ้น ชุมชนคนต่างด้าว พม่า เขมร เยอะขึ้นจากอุตสาหกรรมต่อเนื่อง 
ดีๆจะได้มีปัญหาอาชญากรรมมากขึ้น ชอบๆ",conv,n
ก๊ดีนะ เดินทางสะดวกดี แต่มันค่อนข้างรบกวนเวลานอนนิดหน่อยน่ะ,conv,neu
"ไม่ค่อยเห็นด้วย หากมีเสียงดังของเครื่องบินที่บินผ่านบริเวณที่เราอาศัยอยู่ 
แม้จะทำให้ความเป็นอยู่ดีขึ้น แต่ไม่ค่อยเห็นด้วยเท่าไหร่นัก",noise,n
"ไม่ค่อยเห็นด้วย หากมีเสียงดังของเครื่องบินที่บินผ่านบริเวณที่เราอาศัยอยู่ 
แม้จะทำให้ความเป็นอยู่ดีขึ้น แต่ไม่ค่อยเห็นด้วยเท่าไหร่นัก",conv,p
ไม่นะ ฉันไม่ชอบเสียงดัง,conv,n
ไม่นะ ฉันไม่ชอบเสียงดัง,noise,n
สะดวกสบายดี,conv,p
"ใช่เลย เราชอบมากและหมู่บ้านเราไม่มีเสียงเครื่องบินรบกวน โชคดีมาก การจราจรสะดวก 
ที่สำคัญคือประหยัดเวลาและพลังงานในการเดินทาง",conv,p
"ใช่เลย เราชอบมากและหมู่บ้านเราไม่มีเสียงเครื่องบินรบกวน โชคดีมาก การจราจรสะดวก 
ที่สำคัญคือประหยัดเวลาและพลังงานในการเดินทาง",noise,p
รถติดสิครับ,conv,n
แต่ก็ทำให้การจราจรติดขัดมากขึ้นนะ สรุปแล้วมีทั้งข้อดีและข้อเสียจ๊ะ,conv,neu
แต่สิ่งแวดล้อมแน่มากๆ เช่นเสียงดัง จราจรติดขัดมากขึ้น,conv,n
แต่สิ่งแวดล้อมแน่มากๆ เช่นเสียงดัง จราจรติดขัดมากขึ้น,noise,n
สะดวกสบายดี ใช้เวลาเดินทางไปไม่นาน,conv,p
ก็ดี สะดวกสบายต่อการเดินทาง,conv,p
แต่มันจะมีผลกระทบรึเปล่า เช่นเสียงดังรบกวนนะ,noise,n
"สำหรับคนที่ต้องใช้สนามบินในการเดินทาง ใช่ แต่สำหรับคนที่ไม่ได้ใช้สนามบินก็จะได้รับผลกระทบจากการที่มีสนามบิน 
เช่น เสียง รถติด ฯลฯ",conv,neu
"สำหรับคนที่ต้องใช้สนามบินในการเดินทาง ใช่ แต่สำหรับคนที่ไม่ได้ใช้สนามบินก็จะได้รับผลกระทบจากการที่มีสนามบิน 
เช่น เสียง รถติด ฯลฯ",noise,n
ทำให้การสัญจรของรถติดมากขึ้น,noise,n
ก็โอเค สะดวก เพราะไปต่างประเทศบ่อยๆ,conv,p
กีนะ,conv,neu
สะดวกสบายดี เพราะมีสมาชิกในครอบครัวเดินทางด้วยเครื่องบินบ่อย,conv,p
ดีครับ เดินทางสะดวกสบายมากขึ้น แต่ออาจจะแลกด้วยการจราจรที่อาจจะหนาแน่นขึ้น,conv,neu
ก็ดี,conv,p
รู้สึกเฉยๆ เพราะไม่ได้บินบ่อย,conv,neu
ก็ดี แต่มีปัญหาเรื่องเสียงนิดหน่อย,conv,p
ก็ดี แต่มีปัญหาเรื่องเสียงนิดหน่อย,noise,n
"แต่ผมไม่เห็นด้วย เพราะมีเสียงรบกวนจากการขึ้น-ลงของเครื่องบิน(อยู่ในแนวเส้นเสียง) 
และเครื่องบินบางลำก็ไม่ปฏิบัติตามข้อตกลงของการขึ้น-ลง",noise,n
"แต่ผมไม่เห็นด้วย เพราะมีเสียงรบกวนจากการขึ้น-ลงของเครื่องบิน(อยู่ในแนวเส้นเสียง) 
และเครื่องบินบางลำก็ไม่ปฏิบัติตามข้อตกลงของการขึ้น-ลง",conv,n
ไม่นะ,conv,n
เห็นด้วย!,conv,p
ไม่น่าจะเกี่ยวนะ แบบเดิมก็ดีอยู่แล้ว,conv,n
ไม่น่าจะดีนะ เพราะมันขาดรถประจำทาง เดินทางลำบาก ถ้ามีสนามบินใกล้ๆก็ไม่ได้สบายขึ้น,conv,n
ก็ดีนะ แต่ก็อยากให้มีระบบป้องกันความปลอดภัยที่ดีขึ้น,conv,p
ดี เดินทางสะดวก,conv,p
ดี เดินทางสะดวก,conv,p
ก็ดีนะครับ แต่อย่าขึ้นลงทางบ้านผมเลยครับ,conv,p
สะดวกสบายก็จริง แต่ต้องคำนึงถึงสภาพแวดล้อมและเสียงรบกวนด้วยนะ,conv,p
สะดวกสบายก็จริง แต่ต้องคำนึงถึงสภาพแวดล้อมและเสียงรบกวนด้วยนะ,noise,n
แต่บางครั้งก็ถูกรบกวนจากเสียงของเครื่องบิน,noise,n
50/50 สะดวกบ้าง เดินทางดี,conv,neu
รถติดมากขึ้นต่างหาก เสียงเครื่องบินอีกด้วย,conv,n
รถติดมากขึ้นต่างหาก เสียงเครื่องบินอีกด้วย,noise,n
ก็ดีนะ ถ้าเสียงไม่รบกวน,conv,p
ก็ดีนะ ถ้าเสียงไม่รบกวน,noise,n
เลือกอยู่ที่นี่ เพราะเดินทางสะดวกใกล้ที่ทำงาน แหล่งชอปปิ้ง,conv,p
เห็นด้วย แต่รัฐบาลหรือหน่วยงานรัฐบาลที่เกี่ยวข้องต้องเข้ามาดูแลแก้ไขระบบสาธารณูปโภคให้พอเพียงกับการเจริญเติบโต,conv,p
ใช่,conv,p
แต่มันคงจะมีเสียงดังจากเครื่องบินมารบกวนมากเลยนะ,noise,n
ขนส่งสาธารณะไม่สะดวก เข้าออกสนามบินยาก ต้องใช้TAXI เท่านั้น,conv,n
ถูกต้อง เห็นด้วยแต่ถ้าไม่มีเสียงรบกวนจนเกินไป จนทำให้มีผลกระทบต่อการดำรงชีวิต,conv,p
ถูกต้อง เห็นด้วยแต่ถ้าไม่มีเสียงรบกวนจนเกินไป จนทำให้มีผลกระทบต่อการดำรงชีวิต,noise,n
ใจคอไม่ดี ปัญหาจะตามมา เพราะคนย้ายมาอยู่,conv,n
ไม่ชอบฟังเสียงเครื่องบิน การจราจรติดขัด,conv,n
ไม่ชอบฟังเสียงเครื่องบิน การจราจรติดขัด,noise,n
เห็นด้วย ความเจริญก็จะได้เช้ามาด้วย แต่เสียอย่างที่ทำให้รถติด,conv,neu
ก็ดีนะ แถวบ้านเราจะได้พัฒนาขึ้น,conv,p
เห็นด้วยค่ะ เดินทางสะดวก มีการพัฒนาด้านการเดินทาง เช่น Airport Link,conv,p
สะดวกสบายก็จริง แต่การจราจรจะคับคั่งมากขึ้น มลภาวะก็จะตามมา มันจะไม่เงียบสงบเหมือนเมื่อก่อน มันก็ได้อย่างเสียอย่างน่ะ,noise,n
สะดวกสบายก็จริง แต่การจราจรจะคับคั่งมากขึ้น มลภาวะก็จะตามมา มันจะไม่เงียบสงบเหมือนเมื่อก่อน มันก็ได้อย่างเสียอย่างน่ะ,conv,neu
สะดวกสบายก็จริง แต่การจราจรจะคับคั่งมากขึ้น มลภาวะก็จะตามมา มันจะไม่เงียบสงบเหมือนเมื่อก่อน มันก็ได้อย่างเสียอย่างน่ะ,health,n
ก็โอเค สร้างอาชีพ มีสาธารณูปโภค เศรษฐกิจดี,conv,p
ถูกต้องดิ เพราะการเดินทางของเราก็ไดรับความสะดวกสบายมากขึ้น,conv,p
มีสนามบินก็ดี แต่จะทำให้รถติดมาก เช้าๆถ้า06.30น. ไม่ออกจากบ้านรถจะติดมาก,conv,n
ไม่แน่เสมอไป เพราะมีได้ก็ต้องมีเสีย เพราะได้สนามบินมาก็เสียอะไรหลายๆอย่าง,conv,neu
ดีขึ้น แต่รถติดมาก,conv,neu
"มีความเจริญขึ้นจริง แต่ก็ทำให้รถยนต์มากขึ้น รถติดมากขึ้น โดยเฉพาะเช้าวันจันทร์-ศุกร์, 
บางครั้งก็มีเสียงดังของเครื่องบินทำให้รบกวน และคนมากขึ้น ความวุ่นวายมากขึ้น",noise,n
"มีความเจริญขึ้นจริง แต่ก็ทำให้รถยนต์มากขึ้น รถติดมากขึ้น โดยเฉพาะเช้าวันจันทร์-ศุกร์, 
บางครั้งก็มีเสียงดังของเครื่องบินทำให้รบกวน และคนมากขึ้น ความวุ่นวายมากขึ้น",conv,neu
ใช่ มีความเจริญขึ้น,conv,p
ไม่สะดวกสบาย เพราะไม่ใช้สนามบิน,conv,n
"ไม่จริงเลยครับ ผมทำงานสนามบินมา30กว่าปี ที่บ้านอยู่ใกล้สนามบินมาตลอดจนย้ายสนามบินมา ก็ย้ายบ้านตามมา 
เห็นว่าบริเวณรอบๆใกล้ๆเคียงกับสนามบินไม่เหมาะเป้ฯที่อยู่อาศัย เหมาะสมกับการทำธุรกิจมากกว่าครับ",conv,n
ยังไงก็ได้,conv,neu
มันก็ดีนะ แต่รถก็จะติดมากขึ้นด้วย,conv,neu
ไม่โอเค เพราะใกล้ไปค่อนข้างเสียงดัง,noise,n
ไม่โอเค เพราะใกล้ไปค่อนข้างเสียงดัง,conv,n
ไม่สะดวกสบาย เพราะมันหนวกหูมากกว่า โดยเฉพาะหน้าหนาวและไม่เคยเดินทางด้วยเครื่องบิน,conv,n
ไม่สะดวกสบาย เพราะมันหนวกหูมากกว่า โดยเฉพาะหน้าหนาวและไม่เคยเดินทางด้วยเครื่องบิน,noise,n
ปกติ แต่รถติดมาก ต่างจากการไม่มีสนามบิน,conv,n
ก็ดีเหมือนกันนะ จะได้ไม่ต้องเดินทางไกล แต่บางครั้งก็มีเสียงรบกวนเหมือนกันนะและรถก็ติดมากๆด้วยทั้งตอนเช้าและตอนเย็น,noise,n
ก็ดีเหมือนกันนะ จะได้ไม่ต้องเดินทางไกล แต่บางครั้งก็มีเสียงรบกวนเหมือนกันนะและรถก็ติดมากๆด้วยทั้งตอนเช้าและตอนเย็น,conv,neu
"มีสนามบินมันก็ดี สะดวกในการเดินทาง แต่ปัญหาเสียงดังรบกวนของเครื่องบินนี้สิ จะทำไงละ ในรบกวนมากๆ 
วันหยุดก็ไม่ได้พักผ่อนอย่างจริงจัง ทั้งกาย-ใจ",noise,n
"มีสนามบินมันก็ดี สะดวกในการเดินทาง แต่ปัญหาเสียงดังรบกวนของเครื่องบินนี้สิ จะทำไงละ ในรบกวนมากๆ 
วันหยุดก็ไม่ได้พักผ่อนอย่างจริงจัง ทั้งกาย-ใจ",conv,p
"มีสนามบินมันก็ดี สะดวกในการเดินทาง แต่ปัญหาเสียงดังรบกวนของเครื่องบินนี้สิ จะทำไงละ ในรบกวนมากๆ 
วันหยุดก็ไม่ได้พักผ่อนอย่างจริงจัง ทั้งกาย-ใจ",health,n
สะดวกสบาย เมื่อมีสนามบิน รถไม่ติดเพราะไม่ใช้เส้นทางที่รถติด,conv,p
ก็ดี เวลาไปต่างประเทศ เวลาลูกกลับจากเมืองนอกก็กลับมาง่าย แต่ถ้าไม่ได้ไปก็รู้สึกรำคาญ,conv,p
ก็ดี เวลาไปต่างประเทศ เวลาลูกกลับจากเมืองนอกก็กลับมาง่าย แต่ถ้าไม่ได้ไปก็รู้สึกรำคาญ,noise,n
ไม่ดี รำคาญเสียง,noise,n
ไม่ดี รำคาญเสียง,conv,n
ดีเลย เพราะฉันสามารถเดินทางไปสนามบินได้เร็วและสะดวกขึ้น,conv,p
รถติดด้วย,conv,n
ไม่น่าเกี่ยวกัน ความสะดวกสบายก็ไม่ได้ดีขึ้นอะไร,conv,n
สะดวกสบายโอเคเลย! เพราะส่วนตัวเดินทางบ่าย,conv,p
อืม ก็ดีนะ จะได้เดินทางได้สะดวก ประหยัดเวลา,conv,p
ก็ไม่ดี แค่รถติดวุ่นวาย,conv,n
ก็เฉยๆ ไม่ได้ทำงานสนามบิน ไม่ได้ใช้สนามบินบ่อยๆ,conv,neu
ก็ดีนะ แต่ก็เสียงดัง รถติดด้วย เพราะรถมาวิ่งเส้นทางนี้มากขึ้น จนทำให้เวลาเช้าและเย็นไม่อยากไปไหน,conv,n
ก็ดีนะ แต่ก็เสียงดัง รถติดด้วย เพราะรถมาวิ่งเส้นทางนี้มากขึ้น จนทำให้เวลาเช้าและเย็นไม่อยากไปไหน,noise,n
ใช่ๆ ทำให้เรามีความสุขมากขึ้น สะดวกสบายมากขึ้น,conv,p
"ฉันไม่ใช่คนที่ชอบเดินทางโดยเครื่องบิน ดังนั้นสนามบินมาอยู่ใกล้ๆก็ไม่ได้มีผลดีอย่างไร 
แต่ที่กระทบแน่ๆ คือการจราจรที่คับคั่งขึ้น",conv,n
ดี แต่ต้องไม่มีมลภาวะรบกวน,conv,p
ดีค่ะ บางครั้งที่มีการเดินทางก็สะดวกสบายมากขึ้นด้วยค่ะ,conv,p
โอเค,conv,neu
ถ้าใกล้ไปก็ไม่ดีนะ ใกล้ไปก็เป็นปัญหามากกว่าความสะดวกสบาย,conv,n
ก็โอเคนะ แต่ต้องเลือกบริเวณที่ไม่มีเสียงกระทบเรา,conv,p
ก็โอเคนะ แต่ต้องเลือกบริเวณที่ไม่มีเสียงกระทบเรา,noise,n
ไม่แน่เสมอไป ไม่ค่อยได้ใช้สนามบิน,conv,neu
สะดวกดีแต่การจราจรติดขัด,conv,neu
ดี แต่มีไม่ทุกบริษัทนครฯ ไม่มีต้องไปใช้บริการที่สนามบินดอนเมือง,conv,p
ก็จริงอยู่นะ หากมันจะไม่ก่อให้เกิดมลภาวะทางเสียง-ฝุ่นละออง ที่มีผลต่อสุขภาพกาย-จิตใจ,noise,n
ก็จริงอยู่นะ หากมันจะไม่ก่อให้เกิดมลภาวะทางเสียง-ฝุ่นละออง ที่มีผลต่อสุขภาพกาย-จิตใจ,conv,p
ไม่ค่อยดีเท่าไหร่ การจราจรติดขัด แต่การขนส่งจะดี,conv,neu
OK ยินดีด้วยที่มีความเจริญเข้ามา แต่การคมนาคมติดขัด,conv,neu
สะดวกต่อการเดินทาง,conv,p
ดี ถ้าภาครัฐมีมาดูแลมลภาวะต่างๆที่เกิดจากสนามบิน,conv,p
เสียงรบกวนจากเครื่องบิน,noise,n
ใช่ค่ะ จะได้มีการพัฒนา มีอาชีพ ทีการลงทุน การจ้างงาน,conv,p
สะดวกสบายกลางๆ,conv,neu
สะดวกสบายในด้านการจราจร แต่จะได้รับผลกระทบจากมลพิษทางเสียง,conv,p
สะดวกสบายในด้านการจราจร แต่จะได้รับผลกระทบจากมลพิษทางเสียง,noise,n
ผมหนีความวุ่นวายตอนทีนี้ 10กว่าปีแล้ว ไม่คิดว่าความเจริญจะเข้ามาเร็ว ไม่นานผมคงย้ายหนีอีกครับ,conv,n
"มีทั้งดีและไม่ดี  ดี เพราะเดินทางอากาศสะดวกขึ้นแต่เรานานๆจะได้ขึ้นเครื่องบินแล้วก็ดูเจริญขึ้น แต่คนก็เยอะขึ้นมาก 
รถก็เยอะมากติดมากๆดูวุ่นวายขึ้น แต่ก็คงปรับตัวเองนะ เพราะสนามบินใหญ่ขนาดนั้น 
เขาคงไม่มาฟังความคิดของชาวบ้านอย่างเราหรอก",conv,neu
ดีนะ แต่เสียงดังไปหน่อย,conv,p
ดีนะ แต่เสียงดังไปหน่อย,noise,n
เสียงเครื่องบินจะรบกวนหน่อยนะและรถก็จะติดมากด้วย การเดินทางไม่ค่อยสะดวก,conv,n
เสียงเครื่องบินจะรบกวนหน่อยนะและรถก็จะติดมากด้วย การเดินทางไม่ค่อยสะดวก,noise,n
ก็ดี แต่เสียงดังหนวกหู,conv,p
ก็ดี แต่เสียงดังหนวกหู,noise,n
ก็ดี ไม่ค่อยมีผลกับชีวิตเท่าไหร่,conv,p
ดี,conv,p
ถึงเราจะอยู่ใกล้สนามบินแต่เราก็ไม่ได้ไปต่างประเทศบ่อยๆ และทำให้การจราจรแถวนี้ติดมากๆ,conv,n
ถึงจะดีก็จริง แต่ชั้นว่าอีกหน่อยเสียงคงดังกว่านี้แน่ ขนาดแค่นี้บางครั้งยังคุยกันไม่ได้ยินเลย,conv,p
ถึงจะดีก็จริง แต่ชั้นว่าอีกหน่อยเสียงคงดังกว่านี้แน่ ขนาดแค่นี้บางครั้งยังคุยกันไม่ได้ยินเลย,noise,n
แต่เราไม่ชอบเลยเสียงดังรบกวนมาก,conv,n
แต่เราไม่ชอบเลยเสียงดังรบกวนมาก,noise,n
สะดวกสบายต่อการเดินทาง,conv,p
แต่มีเสียงรบกวนมากค่ะ,noise,n
"มันอาจจะไม่เป็นอย่างนั้นเสมอไป ถ้าคุณได้เห็นจากสนามบินดอนเมืองที่นอกจากเสียงดังแล้ว 
ผมก็ไม่ได้เห็น empoiom siamdis ไปตั้งอยู่ตรงนั้นซึ่งผมคิดว่ามันไม่จริง",noise,n
"มันอาจจะไม่เป็นอย่างนั้นเสมอไป ถ้าคุณได้เห็นจากสนามบินดอนเมืองที่นอกจากเสียงดังแล้ว 
ผมก็ไม่ได้เห็น empoiom siamdis ไปตั้งอยู่ตรงนั้นซึ่งผมคิดว่ามันไม่จริง",conv,n
"ถ้าพูดถึงความเจริญอาจจะเจริญขึ้น แต่ก็มีปัญหาอื่นตามมา เช่น ปัญหาด้านมลภาวะ ปัญหาเรื่องการจราจร 
ปัญหาเรื่องมลภาวะเสียง (ซึงเป็นปัญหาใหญ่กระทบกับชุมชนใกล้เคียง)",noise,n
"ถ้าพูดถึงความเจริญอาจจะเจริญขึ้น แต่ก็มีปัญหาอื่นตามมา เช่น ปัญหาด้านมลภาวะ ปัญหาเรื่องการจราจร 
ปัญหาเรื่องมลภาวะเสียง (ซึงเป็นปัญหาใหญ่กระทบกับชุมชนใกล้เคียง)",conv,neu
"ถ้าพูดถึงความเจริญอาจจะเจริญขึ้น แต่ก็มีปัญหาอื่นตามมา เช่น ปัญหาด้านมลภาวะ ปัญหาเรื่องการจราจร 
ปัญหาเรื่องมลภาวะเสียง (ซึงเป็นปัญหาใหญ่กระทบกับชุมชนใกล้เคียง)",health,n
ไม่เห็นด้วยเพราะเสียงดัง ทำให้รถติดมากขึ้นไม่มีระบบขนส่งสาธารณะ,conv,n
ไม่เห็นด้วยเพราะเสียงดัง ทำให้รถติดมากขึ้นไม่มีระบบขนส่งสาธารณะ,noise,n
ไม่ ทำให้รถติด และมีเสียงดังจากเครื่อง มีรถบรรทุกวิ่งมากเกินไปอันตรายเวลาขี่รถจักรยานยนต์,conv,n
ไม่ ทำให้รถติด และมีเสียงดังจากเครื่อง มีรถบรรทุกวิ่งมากเกินไปอันตรายเวลาขี่รถจักรยานยนต์,noise,n
ไม่มีเลย มีเสียงรบกวนตลอดเวลา,conv,n
ไม่มีเลย มีเสียงรบกวนตลอดเวลา,noise,n
สบาย แต่เสียงรบกวน,conv,p
สบาย แต่เสียงรบกวน,noise,n
ไม่ขึ้นเครื่องบิน รถติดหนักขึ้น,conv,n
ก็ดีไปอย่าง,conv,p
ก็ดีแต่เสียงดัง,conv,p
ก็ดีแต่เสียงดัง,noise,n
ก็ดี,conv,p
ก็ดีแล้ว,conv,p
ก็ดีอยู่ ถ้าไม่มีเสียงรบกวน,conv,p
ก็ดีอยู่ ถ้าไม่มีเสียงรบกวน,noise,n
ไม่พอใจเท่าที่ควร เพราะหนวกหู,noise,n
ไม่พอใจเท่าที่ควร เพราะหนวกหู,conv,n
ก็ดี ค้าขายดีขึ้น,conv,p
ก็ดีนะ,conv,p
ไม่มีผลอะไร เราไม่ได้เดินทางโดยเครื่องบินนะ,conv,neu
ก็โอเคนะ ทำให้รอบๆเจริญมากขึ้น,conv,p
มันก็จริงนะ แต่เสียงเครื่องบินดังเกินไปหรือเปล่า,conv,p
มันก็จริงนะ แต่เสียงเครื่องบินดังเกินไปหรือเปล่า,noise,n
เรื่องเทคโนโลยีดีขึ้นแต่คนมากขึ้นและธรรมชาติลดลงคนแปลกหน้าเยอะ,conv,neu
ก็ธรรมดา เฉยๆ,conv,neu
ก็ดีขึ้น,conv,p
เฉยๆ นะ,conv,n
มันก็สะดวกดี แต่เสียงดัง,conv,p
มันก็สะดวกดี แต่เสียงดัง,noise,n
ก็สบายดีนะ,conv,p
ข้อดีก็มี สาธารณูปโภคดีขึ้น ไม่ดีเสียงรบกวน,conv,p
ข้อดีก็มี สาธารณูปโภคดีขึ้น ไม่ดีเสียงรบกวน,noise,n
ไม่เห็นด้วย รบกวน เสียงดัง,conv,n
ไม่เห็นด้วย รบกวน เสียงดัง,noise,n
มันก็ดีนะ,conv,p
มันก็สะดวกสบายนะ,conv,p
ไม่ดีละมั้ง,conv,n
การคมนาคาดีขึ้น เริ่มมีร้านค้าเกิดขึ้นมาก ร้านอาหารมีมากขึ้น,conv,p
ไม่ดี มลพิษเยอะ เราไม่ได้เดินทางโดยเครื่องบิน,conv,n
ไม่ดี มลพิษเยอะ เราไม่ได้เดินทางโดยเครื่องบิน,health,n
ก็ดี ทำให้เศรษฐกิจดีขึ้นเจริญ,conv,p
ไม่สบายแน่ เพราะปวดหู,conv,n
ไม่สบายแน่ เพราะปวดหู,noise,n
ก็ดีนะ,conv,p
ก็ดีนะจะได้มีการพัฒนา,conv,p
"ผมก็เห็นด้วยแต่ต้องมีการบริหารจัดการที่เป็นระบบอย่างถูกต้อง
1.เสียงไม่ดัง 2.จารจราจรสะดวก 3.ไม่มีมลพิษต่างเช่นเสียง กลิ่นต่างๆ",noise,n
"ผมก็เห็นด้วยแต่ต้องมีการบริหารจัดการที่เป็นระบบอย่างถูกต้อง
1.เสียงไม่ดัง 2.จารจราจรสะดวก 3.ไม่มีมลพิษต่างเช่นเสียง กลิ่นต่างๆ",conv,p
"ผมก็เห็นด้วยแต่ต้องมีการบริหารจัดการที่เป็นระบบอย่างถูกต้อง
1.เสียงไม่ดัง 2.จารจราจรสะดวก 3.ไม่มีมลพิษต่างเช่นเสียง กลิ่นต่างๆ",health,n
ไม่ได้สะดวกกับตัวเองไม่เกี่ยวข้อง,conv,n
ไม่เกี่ยวกับเรา,conv,neu
สะดวกสบายแต่มีภาระเพิ่ม เช่นเสาอากาษ,conv,neu
ดี แต่มีเสียงรบกวน,conv,p
ดี แต่มีเสียงรบกวน,noise,n
ก็ปกติ ไม่ค่อยไปไหนอยู่แล้ว,conv,neu
เห็นด้วย,conv,p
พอสมควร,conv,neu
ไม่รู้สึก เราไม่สะดวก,conv,n
ธรรมดา ไม่เกี่ยวกับเรา,conv,neu
ก็ดี,conv,p
สะดวกสำหรับคนมีเงิน,conv,n
ไม่เสมอไป ผลกระทบเยอะ,conv,n
สะดวกสบายก็ดี,conv,p
ก็ดี,conv,p
สะดวกดี,conv,p
ก็ดีนะ แต่จะมีผลกระทบกับการใช้ชีวิตประจำวันหรือเปล่า มันอาจจะเสียงดังจนทำให้คนอื่นเสียประสาทก็ได้,noise,n
ก็ดีนะ แต่จะมีผลกระทบกับการใช้ชีวิตประจำวันหรือเปล่า มันอาจจะเสียงดังจนทำให้คนอื่นเสียประสาทก็ได้,conv,neu
ก็ดีนะ แต่จะมีผลกระทบกับการใช้ชีวิตประจำวันหรือเปล่า มันอาจจะเสียงดังจนทำให้คนอื่นเสียประสาทก็ได้,health,n
คงไม่สบายนักหรอกเพราะคงมีเสียงรบกวนบ้าง,conv,n
คงไม่สบายนักหรอกเพราะคงมีเสียงรบกวนบ้าง,noise,n
ไม่ต้องถามแล้วเพราะมันทำไปแล้ว แต่ก็มีค่าทดแทนอยู่,conv,n
สะดวกจริงแต่เสียงจะรบกวน,conv,p
สะดวกจริงแต่เสียงจะรบกวน,noise,n
ใช่เลย เพราะจะทำให้การเดินทางของเราสะดวกรวดเร็ว,conv,p
เปิดค้าขายสินค้าต่างๆ ให้กับคนต่างชาติที่มาเที่ยวทำมห้บ้านเมืองเป็นที่ท่องเที่ยวเราจะได้มีรายได้เพิ่มขึ้น,conv,p
ก็หนวกหู,noise,n
ความเจริญมีจริงแต่ไม่ควรตรงกับรันเวย์หรือใกล้เคียงเกินไปทำให้มีเสียงดังรบกวนมาก,conv,p
ความเจริญมีจริงแต่ไม่ควรตรงกับรันเวย์หรือใกล้เคียงเกินไปทำให้มีเสียงดังรบกวนมาก,noise,n
ไม่เกี่ยวกับเรา,conv,neu
ใช่ แต่ก็ต้องมีมลพิษทางเสียงตามมาด้วย,conv,p
ใช่ แต่ก็ต้องมีมลพิษทางเสียงตามมาด้วย,noise,n
ไม่ดี คือ มีเสียงรบกวนเป็นบางครั้ง,conv,n
ไม่ดี คือ มีเสียงรบกวนเป็นบางครั้ง,noise,n
เช้าแล้วเสียงเครื่องบินมันจะไม่ดังหรือ,noise,n
ไม่ใช่ ไม่สะดวก เสียงดัง,conv,n
ไม่ใช่ ไม่สะดวก เสียงดัง,noise,n
ไม่เลยค่ะ,conv,n
เห็นด้วยเนื่องจากสามารถเดินทางได้หลายช่องทาง ถึงแม้จะมีเสียงดังบ้าง,conv,p
เห็นด้วยเนื่องจากสามารถเดินทางได้หลายช่องทาง ถึงแม้จะมีเสียงดังบ้าง,noise,n
"ไม่จริง ความเป็นอยู่ของเราไม่ได้ขึ้นอยู่กับสนามบิน เพราะในปีนึงเรานั่งเครื่องบินไม่กี่ครั้งเอง
แต่เราต้องทนรับฟังเสียงจากเครื่องบินทุกวัน ทุกเวลา",noise,n
"ไม่จริง ความเป็นอยู่ของเราไม่ได้ขึ้นอยู่กับสนามบิน เพราะในปีนึงเรานั่งเครื่องบินไม่กี่ครั้งเอง
แต่เราต้องทนรับฟังเสียงจากเครื่องบินทุกวัน ทุกเวลา",conv,n
เห็นด้วย,conv,p
ไม่เสมอไปหรอก ความเจริญมามากเกินไปมาพร้อมความวุ่นวายและมิจฉาชีพด้วยเช่นกัน,conv,n
ไม่ค่อยใช้บริการ เฉยๆ,conv,neu
ไม่จริง เฉยๆ ไม่เกี่ยวกับเรา,conv,neu
มันสะดวกก็จริง แต่เราไม่ได้ใช้งาน,conv,p
มันก็ดีนะ แต่บางทีก็อาจจะไม่ดีกับผู้คนที่อยู่ไกลๆ มากนักเพราะทั้งเสียงทั้งควัน,noise,n
มันก็ดีนะ แต่บางทีก็อาจจะไม่ดีกับผู้คนที่อยู่ไกลๆ มากนักเพราะทั้งเสียงทั้งควัน,conv,neu
มันก็ดีนะ แต่บางทีก็อาจจะไม่ดีกับผู้คนที่อยู่ไกลๆ มากนักเพราะทั้งเสียงทั้งควัน,health,n
ไม่จริงอะ ไม่จริงแน่นอน เพราะสนามบินเสียงดังมาก ยังมรฝนมากเสียงจะดังไปอีก,noise,n
ไม่จริงอะ ไม่จริงแน่นอน เพราะสนามบินเสียงดังมาก ยังมรฝนมากเสียงจะดังไปอีก,conv,n
จะสบายก็สบาย แต่มีเสียงรบกวน,conv,p
จะสบายก็สบาย แต่มีเสียงรบกวน,noise,n
แต่มันต้องเสียงดังมากรึเปล่า,noise,n
ก็ดี ไปไหนมาไหนก็ง่ายขึ้น,conv,p
มันก็ดีอย่างว่าอ่ะแหละ แต่ก่อนไปต่างจังหวัดใช้เวลานานแต่เดี๋ยวนี้ไปไหนขึ้นเครื่องไป ไม่กี่ชั่วโมงก็ถึง,conv,p
ไม่ดีเพราะว่าบินดอนเมือง 555 มีสุวรรณภูมิขึ้นมาไม่มีผลต่อชีวิตเท่าไหร่,conv,n
มันก็ดีนะ,conv,p
มันสะดวกสบายนะแต่ก็มีผลกระทบเรื่องเสียงรบกวนการใช้ชีวิตของเรามันขึ้นอยู่มี่การขึ้น ลงของเครื่องบิน,conv,p
มันสะดวกสบายนะแต่ก็มีผลกระทบเรื่องเสียงรบกวนการใช้ชีวิตของเรามันขึ้นอยู่มี่การขึ้น ลงของเครื่องบิน,noise,n
มันก็ดีแต่ดีกับคนอื่น ไม่ได้เกี่ยวกับเรา,conv,neu
ใช่เลยตอนนี้หมู่บ้านร้านค้าขึ้นเยอะมากยิ่งในสนามบินนี่ของใช้สอยเยอะมาก ห้างสรรพสินค้าก็ขึ้นเยอะ,conv,p
ก็ดี สะดวกดีเนอะ,conv,p
ก็ดีนะสะดวกดี ถนนหนทางก็เข้าถึงจะไปไหนก็สะดวก,conv,p
มันไม่สะดวกหรอกเพราะไม่เคยได้ใช้บริการสนามบินซะที,conv,n
"ใช่อยู่แต่ก็ตามมาด้วยผลกระทบทางสภาพแวดล้อมด้วยนะอย่าลืม 
ทางผู้เกี่ยวข้องก็ควรให้ความสำคัญกับประชาชนทีได้รับผลกระทบที่ตามมาด้วย",conv,p
มันมีเรื่องของเสียงรบกวนที่ทำให้เกิดความเดือดร้อน,noise,n
แต่เราว่าไม่ค่อยดีนะ จะทำให้เกิดเสียงดังและจราจรจะติดขัด,conv,n
แต่เราว่าไม่ค่อยดีนะ จะทำให้เกิดเสียงดังและจราจรจะติดขัด,noise,n
"ก็ดีนะ ก็เจริญเมื่อก่อนอะไรก็ไม่สะดวกมากมายเท่านี้เพราะผลกระทบมันก็ไม่ได้ไปทุกหมู่บ้านคนก็พอใจที่มีการชดเชย 
มีหน้ามีตาให้กับประเทศ",conv,p
"ก็ดีตามที่พูดแหละ แต่ความเป็นอยู่ในชีวิตประจำวันมันก็แย่ลง วุ่นวายมากขึ้น 
สิ่งแวดล้อมก็เสียไปถ้าต้องเจอกับการมีสนามบินขึ้นมาอยู่ได้อยู่ไม่ได้ก็ย้าย",conv,n
"ก็ดีตามที่พูดแหละ แต่ความเป็นอยู่ในชีวิตประจำวันมันก็แย่ลง วุ่นวายมากขึ้น 
สิ่งแวดล้อมก็เสียไปถ้าต้องเจอกับการมีสนามบินขึ้นมาอยู่ได้อยู่ไม่ได้ก็ย้าย",health,n
ก็ถือว่าสะดวกสบายนะแต่พอเสียเรื่องอื่นก็ตามมาสิ่งแวดล้อมก็แย่ลง,conv,p
เฉยๆ,conv,neu
เออก็ใช่ แต่เราไม่ได้ใช้เครื่องบินแล้วเดี๋ยวนี้ไม่ได้ใช้แล้ว,conv,neu
ก็ว่างั้นแหละ จะได้สะดวกต่อการเดินทางไปที่ไกลๆ แต่ก็มีเสียงรบกวนอยู่บ้าง,conv,p
ก็ว่างั้นแหละ จะได้สะดวกต่อการเดินทางไปที่ไกลๆ แต่ก็มีเสียงรบกวนอยู่บ้าง,noise,n
ก็โอเค อาชีพเกิดแต่รถติดมากขึ้น,conv,neu
สะดวกสบายกับผู้ใช้บริการ แต่ชาวบ้านที่อยู่อาศัยแถวนี้เขาเดือดร้อนนะ ทั้งเสียงดัง และมีผลต่อสภาวะทางอากาศอีก,conv,neu
สะดวกสบายกับผู้ใช้บริการ แต่ชาวบ้านที่อยู่อาศัยแถวนี้เขาเดือดร้อนนะ ทั้งเสียงดัง และมีผลต่อสภาวะทางอากาศอีก,noise,n
สะดวกสบายกับผู้ใช้บริการ แต่ชาวบ้านที่อยู่อาศัยแถวนี้เขาเดือดร้อนนะ ทั้งเสียงดัง และมีผลต่อสภาวะทางอากาศอีก,health,n
ก็ดี แต่รบกวนชีวิตประจำวันมากไปหน่อย,conv,neu
ต้องต่อต้านกับเสียงดังเป็นบางครั้ง,noise,n
"ไม่ดีเพราะถ้าความเจริญเข้ามาก็จะทำให้มีผู้คนเข้ามาอาศัยอยู่มากขึ้นปัญหาที่ตามมาคือ รถติด ขยะอุดตัน น้ำท่วม 
ปัญหาอาชญากรรม ยาเสพติด",conv,n
ก็ดีนะมีสนามบินใกล้บ้านรู้สึกเดินทางไปไหนมาไหนสะดวกสบาย,conv,p
ไม่ดีเลยรถเยอะมากกว่าเดิม แต่ถนนมีท่าเดิมรถติดมากเวลาเร่งด่วน,conv,n
"ก็สบายดีสงบนิดหน่อยแต่การเดินทางไปทำงานยังไม่สะดวกเท่าที่ควรเพราะต้องขึ้นรถหลายต่อ
และรถประจำทางที่จะไปที่สนามบินหายากมากเลย",conv,neu
ดีแต่เสียงมันดังมากๆ ทั้งวันเลยนอนไม่ค่อยหลับตื่นทั้งคืนเลย,conv,p
ดีแต่เสียงมันดังมากๆ ทั้งวันเลยนอนไม่ค่อยหลับตื่นทั้งคืนเลย,noise,n
"ใช่ แต่ก็จะได้รับเสียงรบกวนจากเครื่องบินด้วย และการจราจรจะติดขึ้นเพิ่มขึ้นควันพิษเพิ่มขึ้น 
ไม่มีความสะดวกสบายอะไรที่จะมีผลกระทบต่อสิ่งแวดล้อมและการใช้ชีวิตของมนุษย์ได้",noise,n
"ใช่ แต่ก็จะได้รับเสียงรบกวนจากเครื่องบินด้วย และการจราจรจะติดขัดเพิ่มขึ้นควันพิษเพิ่มขึ้น 
ไม่มีความสะดวกสบายอะไรที่จะมีผลกระทบต่อสิ่งแวดล้อมและการใช้ชีวิตของมนุษย์ได้",conv,n
"ใช่ แต่ก็จะได้รับเสียงรบกวนจากเครื่องบินด้วย และการจราจรจะติดขัดเพิ่มขึ้นควันพิษเพิ่มขึ้น 
ไม่มีความสะดวกสบายอะไรที่จะมีผลกระทบต่อสิ่งแวดล้อมและการใช้ชีวิตของมนุษย์ได้",health,n
ไม่จริง รถติด เสียงเครื่องบินทำให้รบกวน เสียงดัง ทำให้ระบบทีวีดิจิตอลมีปัญหา เวลาเครื่องบินขึ้นทำให้สัญญานติดขัด,noise,n
ไม่จริง รถติด เสียงเครื่องบินทำให้รบกวน เสียงดัง ทำให้ระบบทีวีดิจิตอลมีปัญหา เวลาเครื่องบินขึ้นทำให้สัญญานติดขัด,conv,n
แต่คนหนวกหูมาก ฟังหรือพูดคุยแทบไม่รู้เรื่อง ปวดประสาท,health,n
แต่คนหนวกหูมาก ฟังหรือพูดคุยแทบไม่รู้เรื่อง ปวดประสาท,noise,n
ไม่ดี มีมลพิษเพิ่ม,conv,n
ไม่ดี มีมลพิษเพิ่ม,health,n
ดีสำหรับคนที่เดินทางแต่ไม่ดีต่อคนอยู่อาศัย,conv,n
ก็ดีนะ สะดวกสบายยิ่งขึ้น,conv,p
ย้ายมาแล้ว ก็ดี,conv,p
ก็ดีเหมือนกัน,conv,p
ดี แต่มีมลภาวะ,conv,p
ดี แต่มีมลภาวะ,noise,n
ไม่ดีหรอก มีผลกระทบทางเสียง,noise,n
ไม่ดีหรอก มีผลกระทบทางเสียง,conv,n
ก็เห็นด้วยเช่นกัน,conv,p
ก็ดีนะทั้งในเรื่องความสะดวกและความเจริญในอนาคต,conv,p
ก็ดีในเรื่องของการเดินทางไป-มา สะดวก,conv,p
ใช่แล้ว สะดวกดีแต่กังวลเรื่องมลภาวะทางเสียง,conv,p
ใช่แล้ว สะดวกดีแต่กังวลเรื่องมลภาวะทางเสียง,noise,n
ไม่น่าจะใช่ เพราะอาจจะเกิดการจราจรที่แน่น ทำให้รถติดต้องตื่นเช้ากว่าปกติ และมีเสียงรบกวนจากเครื่องบิน,noise,n
ไม่น่าจะใช่ เพราะอาจจะเกิดการจราจรที่แน่น ทำให้รถติดต้องตื่นเช้ากว่าปกติ และมีเสียงรบกวนจากเครื่องบิน,conv,n
ใช่ค่ะ แต่เสียงดังนี่ซิทำให้เรารำคาญ เป็นบางวันที่เราต้องใช้สมาธิหรือใช้สมอง,conv,p
ใช่ค่ะ แต่เสียงดังนี่ซิทำให้เรารำคาญ เป็นบางวันที่เราต้องใช้สมาธิหรือใช้สมอง,noise,n
เจริญก็ดีแต่เสียงดัง,conv,p
เจริญก็ดีแต่เสียงดัง,noise,n
ก็ดี คนอยู่เยอะขึ้นการประกอบธุรกิจดีขึ้น,conv,p
ครับ ผลก็คิดอย่างนั้นแหละ,conv,p
ก็เจริญดีแต่มีเสียงรบกวน,conv,p
ก็เจริญดีแต่มีเสียงรบกวน,noise,n
ก็โอเคในความเจริญนะ,conv,p
ไม่เห็นมีอะไรดีขึ้นมาเลย รถติด!!!,conv,n
ก็ดี,conv,p
"มันก็จริงนะแต่เสียงมันดังรบกวนเวลานอน ลูกๆเด็กแรกเกิดก็นอนไม่ได้ 
แต่ทำไงได้เราไม่มีปัญญาไปดำเนินการร้องเรียนหรอก ""ทำใจ""",conv,p
"มันก็จริงนะแต่เสียงมันดังรบกวนเวลานอน ลูกๆเด็กแรกเกิดก็นอนไม่ได้ 
แต่ทำไงได้เราไม่มีปัญญาไปดำเนินการร้องเรียนหรอก ""ทำใจ""",noise,n
ดี สะดวกดี,conv,p
มันก็จริงที่สะดวก ไม่ดีอยู่อย่างนึงเสียงดังไปหน่อย,conv,p
มันก็จริงที่สะดวก ไม่ดีอยู่อย่างนึงเสียงดังไปหน่อย,noise,n
ก็ดีเหมือนกันในเรื่องของการเดินทางที่สะดวกมากขึ้นแต่เสียงจากเครื่องบินนั้นรบกวนการใช้ชีวิตประจำวัน,conv,p
ก็ดีเหมือนกันในเรื่องของการเดินทางที่สะดวกมากขึ้นแต่เสียงจากเครื่องบินนั้นรบกวนการใช้ชีวิตประจำวัน,noise,n
ไม่ดีเลย เสียงดังแต่ต้องได้ค่าชดเชย,conv,n
ไม่ดีเลย เสียงดังแต่ต้องได้ค่าชดเชย,noise,n
ไม่ดี เพราะเสียงดัง,noise,n
ไม่ดี เพราะเสียงดัง,conv,n
สะดวกสบายก็จริงแต่ผลกระทบที่ตามมา.....,conv,neu
แล้วคนที่เคยอยู่แถวนั้นล่ะ เค้าเคยอยู่แบบเงียบๆ มาตั้งนานเค้าจะไม่รำคาญหรอ,conv,n
ไม่ดีเลย รถติดวุ่นวาย,conv,n
ตอนนี้โอเค ไม่รบกวนเท่าไหร่ แต่ถ้าอยู่ใกล้สนามบินกว่านี้อาจจะเสียงดังเกินไป,noise,n
ตอนนี้โอเค ไม่รบกวนเท่าไหร่ แต่ถ้าอยู่ใกล้สนามบินกว่านี้อาจจะเสียงดังเกินไป,conv,neu
เฉยๆ ไม่ได้มีอะไรดีขึ้น,conv,neu
เห็นด้วย,conv,p
ก็ดี,conv,p
ก็โอเค อยู่ใกล้บ้านเพราะชอบแบบนี้,conv,p
ใช่ ก็ดีนะ,conv,p
ความเจริญยิ่งมากขึ้น จะทำให้เกิดมลภาวะทางเสียง ทั้งทางอากาศ,noise,n
ความเจริญยิ่งมากขึ้น จะทำให้เกิดมลภาวะทางเสียง ทั้งทางอากาศ,conv,p
ความเจริญยิ่งมากขึ้น จะทำให้เกิดมลภาวะทางเสียง ทั้งทางอากาศ,health,n
สะดวกขึ้นก็จริงแต่มลภาวะทางเสียงก็ตามมา,conv,p
สะดวกขึ้นก็จริงแต่มลภาวะทางเสียงก็ตามมา,noise,n
ยังสรุปไม่ได้ ต้องรอดูระบบการบริหารจัดการก่อนว่าจะตอบโจทย์ในภาพรวมได้หรือไม่,conv,neu
"อาจจะสะดวกและดีสำหรับผู้ที่เดินทางบิ่ยด้วยเครื่องบิน แต่ประชาชนรอบข้างที่พักอาศัยล้วนแล้วแต่ได้รับผลกระทบทางเสียง 
ไร้ซึ่งหน่วยงนที่เกี่ยวข้องเข้ามาดูแล",noise,n
"อาจจะสะดวกและดีสำหรับผู้ที่เดินทางบิ่ยด้วยเครื่องบิน แต่ประชาชนรอบข้างที่พักอาศัยล้วนแล้วแต่ได้รับผลกระทบทางเสียง 
ไร้ซึ่งหน่วยงนที่เกี่ยวข้องเข้ามาดูแล",conv,n
มันไม่มีผลเท่าไหร่,conv,neu
การเดินทางสะดวกสบายก็ดีจริงแต่เสียงที่รบกวนละจะทำยังไง,conv,p
การเดินทางสะดวกสบายก็ดีจริงแต่เสียงที่รบกวนละจะทำยังไง,noise,n
"ดี แต่การเดินทางการจราจรจะติดขัดขึ้นหรือเปล่า น่าจะมีรถไฟฟ้าจากทุกทิศทางซึ่งสามารถอำนวยความสะดวก 
รวมถึงการควบคุมเสียงซึ่งอาจส่งผงต่อผู้อยู่อาศัยโดยรอบอย่างรัดกุม",conv,neu
การคมนาคม ทันสมัยรวดเร็วแต่มีเสียง เครื่องบินขึ้นลงมากทั้งวัน,conv,p
การคมนาคม ทันสมัยรวดเร็วแต่มีเสียง เครื่องบินขึ้นลงมากทั้งวัน,noise,n
ดีเลย อยู่บริเวณนี้เสียงก็ไม่ดังทำให้ความเป็นอยู่สะดวกสบาย แต่ถ้าเสียงดังตลอดเวลาก็ไม่ดี,noise,neu
ดีเลย อยู่บริเวณนี้เสียงก็ไม่ดังทำให้ความเป็นอยู่สะดวกสบาย แต่ถ้าเสียงดังตลอดเวลาก็ไม่ดี,conv,p
ทำให้ความเป็นอยู่สบายขึ้น รถบรรทุกที่เอาเอาตู้แถวนีร้ทำให้รถติดมากขึ้น มันไม่สะดวกสบายเลย,conv,n
ก็โอเค,conv,p
กลัวสิ่งแวดล้อมเป็นพิษอากาศเป็นพิษ เสียงดังนะซิ,noise,n
กลัวสิ่งแวดล้อมเป็นพิษอากาศเป็นพิษ เสียงดังนะซิ,health,n
ไม่จริงไม่สะดวกสบาย เสียงดัง,conv,n
ไม่จริงไม่สะดวกสบาย เสียงดัง,noise,n
ไม่จริงบางเรื่องก็ดีบางเรื่องก็ไม่ดีความสะดวกสบายไม่จริงเพราะเราไม่ใช้สยานมบินเลย มีสนามบินก็ดีอย่งาในการป้องกันน้ำท่วม,conv,n
เห็นด้วย สะดวกสบาย,conv,p
หากทำให้สภาพแวดล้อมแถวนี้เจริญขึ้นก็จะดี,conv,p
ก็ดีไง ใกล้ความเจริญเดินทางสะดวก,conv,p
ก็สะดวกขึ้น แต่ช่วงเวลาเร่งรีบด่งนรถอาจติด,conv,neu
ไม่ดีเลย รถติดมากเลยจราจรติดขัด,conv,n
ผมก็ไม่อะไรหรอกไม่รู้จะไปไหน,conv,neu
มันเสียงดังนะ,noise,n
ไม่ดีนะ,conv,n
มันไม่เกี่ยวเลยทุกอย่างก็ดูปกติ,conv,neu
ก็ดีนะคนเยอะดี แต่รถอาจติดนะ,conv,neu
ก็คงจะดีนะ การเดินทางน่าจะดีขึ้น,conv,p
ก็ไม่ได้สะดวกสบายขึ้นก็เหมือนเดิม รถก็ติดเหมือนเดิมอยากให้มีรถไฟฟ้า,conv,n
ไม่น่าจะมีผลนะ,conv,neu
ไม่สะดวกสบายเลย ไม่ได้ไปต่างประเทศ,conv,n
ได้อย่างเสียอย่าง สะดวกเสียงดังขึ้น ถ้าเลือกได้ก็มีดีกว่า,noise,n
ได้อย่างเสียอย่าง สะดวกเสียงดังขึ้น ถ้าเลือกได้ก็มีดีกว่า,conv,p
มันก็ดีนะ แต่เสียงมันดัง,conv,p
มันก็ดีนะ แต่เสียงมันดัง,noise,n
"ไม่ดีหรอกนะ เรากลัวทางสนามบินไล่ที่อยู่ เพราะถ้าทางนั้นไล่ เนื่องจากการประเมินผลกระทบแล้วเราจะไปอยู่ที่ไหน 
ใครสะดวกแต่เราลำบาก",conv,n
ใช่จะได้ไม่ต้องขับรถไกล แต่เสียงเครื่องบินทำให้รำคาญบ่อยครั้ง,noise,n
ใช่จะได้ไม่ต้องขับรถไกล แต่เสียงเครื่องบินทำให้รำคาญบ่อยครั้ง,conv,p
ถ้าไม่มีดีกว่า เค้าจะไล่ที่อีก,conv,n
ดูเจริญขึ้นแต่ก็ไม่ได้ทำให้คุณภาพชีวิตดีขึ้น,conv,neu
ก็ดี,conv,p
ก็ดี อยากขึ้นเครื่องบิน,conv,p
ก็ดี ยินดีกับประเทศทำให้ประเทศเจริญ ง่ายต่อการสื่อสารว่าตัวเราเองอยู่ไหน(บอกเพื่อนว่าอยู่ที่สุวรรณภูมิ)+เดินทางสะดวก,conv,p
ดี แข่งขันกับนานาประเทศได้,conv,p
ไม่สบายหรอกเพราะมีเสียงเครื่องบินรบกวน,conv,n
ไม่สบายหรอกเพราะมีเสียงเครื่องบินรบกวน,noise,n
มันมีทั้งข้อดีและข้อเสีย สะดวกสบายแต่สิ่งแวดล้อมมันเริ่มแย่ลง,conv,neu
เห็นด้วย,conv,p
"ไม่ดีเป็นอย่างมาก เพราะทุกครั้งที่ได้ยินสียงเครื่องบินขึ้นมีเสียงดังขนาดยืนสนทนากันหรือคุยโทรศัพท์ยังต้องหยุด 
เพราะไม่ได้ยินเสียง",conv,n
"ไม่ดีเป็นอย่างมาก เพราะทุกครั้งที่ได้ยินสียงเครื่องบินขึ้นมีเสียงดังขนาดยืนสนทนากันหรือคุยโทรศัพท์ยังต้องหยุด 
เพราะไม่ได้ยินเสียง",noise,n
ดี แต่อาจมีเสียงรบกวน,conv,p
ดี แต่อาจมีเสียงรบกวน,noise,n
มีทั้งข้อดีและไม่ดี,conv,neu
เห็นด้วย จะทำให้มีความเจริญมากขึ้น,conv,p
สะดวกสบายดี สำหรับการเดินทางที่ใกล้นิดเดียว,conv,p
มีทั้งข้อดีและข้อไม่ดี,conv,neu
เห็นด้วย เพราะเดินทางใช้บริการสนามบินสะดวก,conv,p
แต่บางครั้งก็มีเสียงรบกวนนะเพื่อน,noise,n
ไม่มีผลต่อชุมชนโดยชอบแถวนี้ ยังคงเดิมความเป็นอยู่เหมือยเดิมไม่มีอะไรเปลี่ยนแปลง,conv,neu
ไม่ดีเลย,conv,n
ไม่ดี ปกติก็ไม่ค่อยได้ใช้เครื่องบิน,conv,n
ไม่ดี มีเสียงดังรบกวน,conv,n
ไม่ดี มีเสียงดังรบกวน,noise,n
ก็ดี,conv,p
ใช่ แต่เสียงเครื่องบินมันดัง และน่ารำคาญ,conv,p
ใช่ แต่เสียงเครื่องบินมันดัง และน่ารำคาญ,noise,n
ดี แต่มีเสียงดัง,conv,p
ดี แต่มีเสียงดัง,noise,n
ไม่ดีเลย มีเสียงรบกวน,noise,n
ไม่ดีเลย มีเสียงรบกวน,conv,n
มี 2 แง่ ดีที่มีความเจริญ แต่มีเสียงรบกวน,conv,p
มี 2 แง่ ดีที่มีความเจริญ แต่มีเสียงรบกวน,noise,n
เราว่าไม่ดีสักเท่าไหร่ เพราะเสียงดังรบกวนและน่ากลัว,conv,n
เราว่าไม่ดีสักเท่าไหร่ เพราะเสียงดังรบกวนและน่ากลัว,noise,n
ไม่ดีเลย,conv,n
เห็นด้วย แต่ต้องแลกกับมลภาวะต่างๆอาจทำให้สุขภาพด้านต่างๆแย่ลง,health,n
เห็นด้วย แต่ต้องแลกกับมลภาวะต่างๆอาจทำให้สุขภาพด้านต่างๆแย่ลง,conv,p
ก็น่าจะดี,conv,p
ไม่สะดวก รถติด,conv,n
ก็สะดวกสบาย,conv,p
สะดวกดีขึ้น กว่าก่อน,conv,p
ไม่ดีเท่าไหร่,conv,n
เฉยๆมันเป็นเรื่องธรรมดา,conv,neu
ดีอย่างเสียอย่าง มีก็ได้ ไม่มีก็ได้,conv,neu
แต่ในทางที่ดีก็มีสิ่งที่มีผลกระทบกับเราเหมือนกัน เช่น เสียงกับสิ่งแวดล้อม ถ้ามีองค์กรเข้ามาดูแลเป็นประจำก็ดี,noise,n
แต่ในทางที่ดีก็มีสิ่งที่มีผลกระทบกับเราเหมือนกัน เช่น เสียงกับสิ่งแวดล้อม ถ้ามีองค์กรเข้ามาดูแลเป็นประจำก็ดี,conv,p
แออัด ไม่เห็นด้วย,conv,n
จะทำให้เดินทางไม่สะดวก รถติด ทำให้การจราจรติดขัดมากขึ้น มีรถเพิ่มมากขึ้น,conv,n
ก็เห็นด้วย เดินทางสะดวก,conv,p
สะดวกสบายดี พี่น้องมาหาโดยทางเครื่องบินเร็ว,conv,p
เราว่าลำบาก รถติดมากขึ้นเพราะทางเป็นคอขวด,conv,n
ไม่ดีหรอก เครื่องบินเข้ามาต้องเปลี่ยนที่ทำกิน,conv,n
ก็ดีด้วย,conv,p
ทำให้สะดวกสบาย มีชื่อเสียงของจังหวัดมากขึ้น,conv,p
ไม่จริง การเข้าออกลำบาก,conv,n
มันสะดวกแต่เสียงมันรบกวนเวลาหลับนอนหรือพักผ่อนไม่เพียงพอ,conv,p
มันสะดวกแต่เสียงมันรบกวนเวลาหลับนอนหรือพักผ่อนไม่เพียงพอ,noise,n
มันสะดวกแต่เสียงมันรบกวนเวลาหลับนอนหรือพักผ่อนไม่เพียงพอ,health,n
ไม่ใช้ เพราะไม่ได้ใช้บริการเครื่องบิน หนวกหู,conv,n
ไม่ใช้ เพราะไม่ได้ใช้บริการเครื่องบิน หนวกหู,noise,n
"ใช่ ฉันเห็นด้วย แต่มันมักจะมีเสียงรบกวนเวลาฉันคุยโทรศัพท์และทำกิจกรรมในชีวิตประจำวันนี่สิ แต่มันก็แค่ส่วนหนึ่งเล็กน้อยนะ 
ไม่ได้รบกวนจนฉันอยู่ไม่ได้ แต่รำคาญนิดหน่อย",noise,n
"ใช่ ฉันเห็นด้วย แต่มันมักจะมีเสียงรบกวนเวลาฉันคุยโทรศัพท์และทำกิจกรรมในชีวิตประจำวันนี่สิ แต่มันก็แค่ส่วนหนึ่งเล็กน้อยนะ 
ไม่ได้รบกวนจนฉันอยู่ไม่ได้ แต่รำคาญนิดหน่อย",conv,p
สะดวกอยู่ แต่มันทำให้เสียงดัง,conv,p
สะดวกอยู่ แต่มันทำให้เสียงดัง,noise,n
เห็นด้วย แต่เสียงดังรบกวน,conv,p
เห็นด้วย แต่เสียงดังรบกวน,noise,n
ก็ใช้ได้นะแต่เสียงเครื่องบินจะรบกวนชุมชนใกล้เคียงทำให้เป็นมลพิษทางเสียงอย่างรุนแรงเลยนะ,conv,p
ก็ใช้ได้นะแต่เสียงเครื่องบินจะรบกวนชุมชนใกล้เคียงทำให้เป็นมลพิษทางเสียงอย่างรุนแรงเลยนะ,noise,n
มันก็ดี ไม่เดือดร้อนอะไร,conv,p
ไม่สะดวกเพราะรถติด,conv,n
คมนาคมสบาย แต่เสียงรบกวนและมีมลภาวะทางอากาศ,noise,n
คมนาคมสบาย แต่เสียงรบกวนและมีมลภาวะทางอากาศ,health,n
คมนาคมสบาย แต่เสียงรบกวนและมีมลภาวะทางอากาศ,conv,p
สะดวกดี,conv,p
เฉยๆ,conv,neu
ใช่แล้วทำให้สะดวกสบายก็จริงแต่มันเสียงดังแถมมีมลพิษ,conv,p
ใช่แล้วทำให้สะดวกสบายก็จริงแต่มันเสียงดังแถมมีมลพิษ,noise,n
ใช่แล้วทำให้สะดวกสบายก็จริงแต่มันเสียงดังแถมมีมลพิษ,health,n
ความสะดวกสบายก็เหมือนเดิม แต่มีความเจริญ,conv,p
สะดวกแต่เสียงรบกวนมาก,conv,p
สะดวกแต่เสียงรบกวนมาก,noise,n
ไม่จริงไปทุกๆเรื่อง สะดวกแต่การเดินทางไปสนามบินเท่านั้น แต่สภาพแวดล้อมมลภาวะทางด้านเสียงรบกวนมากๆ,conv,p
ไม่จริงไปทุกๆเรื่อง สะดวกแต่การเดินทางไปสนามบินเท่านั้น แต่สภาพแวดล้อมมลภาวะทางด้านเสียงรบกวนมากๆ,noise,n
ไม่ดีเลย อากาศเป็นพิษ รถก็จะติดมากยิ่งขึ้น หนวกหู เสียงเครื่องบิน ไปเปิดที่อื่นจะดีกว่า,noise,n
ไม่ดีเลย อากาศเป็นพิษ รถก็จะติดมากยิ่งขึ้น หนวกหู เสียงเครื่องบิน ไปเปิดที่อื่นจะดีกว่า,health,n
ไม่ดีเลย อากาศเป็นพิษ รถก็จะติดมากยิ่งขึ้น หนวกหู เสียงเครื่องบิน ไปเปิดที่อื่นจะดีกว่า,conv,n
ไม่สะดวก เพราะไม่ใช้บริการ,conv,n
ก็ดีจะได้ทันสมัยเขาด้วยแหละ ทำให้เศรษฐกิจดีขึ้นด้วย,conv,p
ก็ดีนะเดินทางข้ามประเทศสะดวกสบาย,conv,p
ใช่ แต่เสียงเครื่องบินดังไปหน่อย,conv,p
ใช่ แต่เสียงเครื่องบินดังไปหน่อย,noise,n
ใช่,conv,p
สะดวก เร็วดี จะไปไหนมาไหนไว,conv,p
ไม่ได้เรื่อง เพราะไม่ค่อยไปไหน,conv,n
สบายสำหรับผู้อยู่ห่างจากสนามบิน ส่งผลกระทบชุมชนรอบข้าง สิ่งแวดล้อมเปลี่ยนจากเดิม,conv,n
ไม่ได้ช่วยคนบริเวณนี้แม้แต่นิดเดียวคนที่นี่ยังใช้ชีวิตเหมือนเดิมพร้อมกับเสียงรบกวนของเครื่องบิน,conv,n
ไม่ได้ช่วยคนบริเวณนี้แม้แต่นิดเดียวคนที่นี่ยังใช้ชีวิตเหมือนเดิมพร้อมกับเสียงรบกวนของเครื่องบิน,noise,n
ไม่นะไม่ได้เป็นอย่างที่คิดเลย,conv,n
สะดวกสำหรับคนที่เดินทางไป ตปท.,conv,p
ไม่ดีเลย รู้สึกอึดอัดกับความวุ่นวาย,conv,n
ใช่สะดวกสบายดี เดินทางสะดวกดี ไปรับญาติสะดวกดี,conv,p
ก็ดี เพราะ ถ้ามีสิ่งพวกนี้ ความเจริญก็จะดี ให้เปิดใจยอมรับ,conv,p
ไม่ชอบ เพราะ อาจจะดีเป็นบางครอบครัวที่เขาทำงาน,conv,n
ดีมาก ทำให้สะดวกมากยิ่งขึ้น แต่บางทีฉันว่าเสียงดังไปหน่อยนะ,conv,p
ดีมาก ทำให้สะดวกมากยิ่งขึ้น แต่บางทีฉันว่าเสียงดังไปหน่อยนะ,noise,n
ใช่ เพราะทำให้การเดินทางสะดวกสบายขึ้น สำคัญสำหรับผู้ที่ไปที่ไกลๆ,conv,p
ไม่อยากให้มีสนามบิน,conv,n
ไม่เห็นด้วย เพราะเสียงดัง,conv,n
ไม่เห็นด้วย เพราะเสียงดัง,noise,n
ไม่ชอบ เสียงดัง,conv,n
ไม่ชอบ เสียงดัง,noise,n
สะดวกสบายก็จริงนะแต่เสียงรบกวนจากเครื่องบินมันมีผลกระทบต่อการอยู่อาศัยของพวกเรา,conv,p
สะดวกสบายก็จริงนะแต่เสียงรบกวนจากเครื่องบินมันมีผลกระทบต่อการอยู่อาศัยของพวกเรา,noise,n
ไม่มีผลกับเรา,conv,neu
ใช่ สะดวกต่อการสัญจรไปต่างจังหวัด,conv,p
ก็ดี,conv,p
ใช่แล้ว สาธารณูปโภคครบครัน ไฟฟ้า น้ำประปา รถสาธารณะ,conv,p
สะดวกสบายดีขึ้น,conv,p
เห็นด้วย คิดว่าสะดวกสบายขึ้น,conv,p
ไม่แน่ใจ เพราะสนามบินไม่ได้ทำให้ทุกคนมีอยู่มีกินดีขึ้น,conv,neu
ก็ดี แต่มันก็ยังมีเสียงดังรบกวน กับการจราจรที่ติดขัด,conv,neu
ก็ดี แต่มันก็ยังมีเสียงดังรบกวน กับการจราจรที่ติดขัด,noise,n
ตั้งแต่มีสนามบินมายังไม่เห็นอะไรเปลี่ยนแปลง พัมนาเฉพาะทางเข้าสนามบิน,conv,n
ไม่ดีแน่เลย เสียงเครื่องบินน่ารำคาญมากทำให้นอนหลับไม่สนิท,conv,n
ไม่ดีแน่เลย เสียงเครื่องบินน่ารำคาญมากทำให้นอนหลับไม่สนิท,noise,n
ไม่ดีแน่เลย เสียงเครื่องบินน่ารำคาญมากทำให้นอนหลับไม่สนิท,health,n
มันก็ไม่เสมอไปนะ,conv,neu
ดี แต่เสียงดัง,conv,p
ดี แต่เสียงดัง,noise,n
มันก็สะดวกดีในการเดินทาง แต่ถ้านายไม่ชอบเสียงดังอาจจะไม่ชอบก็ได้นะ แต่ถ้าอยู่ไปมันก็จะชินไปเองเพื่อน,noise,n
มันก็สะดวกดีในการเดินทาง แต่ถ้านายไม่ชอบเสียงดังอาจจะไม่ชอบก็ได้นะ แต่ถ้าอยู่ไปมันก็จะชินไปเองเพื่อน,conv,p
เห็นด้วย,conv,p
ก็สบายดี เจริญดี,conv,p
ไม่ชอบความจอแจเลย,conv,n
ดี และสะดวกต่อการเดินทางได้เร็วขึ้น,conv,p
ไม่ดี ทำให้เกิดเสียงรบกวน,conv,n
ไม่ดี ทำให้เกิดเสียงรบกวน,noise,n
มันอาจทำให้รถติดมากขึ้นนะ แถมเสียงดังอีก,noise,n
มันอาจทำให้รถติดมากขึ้นนะ แถมเสียงดังอีก,conv,n
ใช่,conv,p
"ใช้อยู่ทำให้บ้านเมืองเราดูเจริญสะดวกสบายยิ่งขึ้นและเราต้องนึกถึงประชาชนทุกคนที่พักอาศัยอยู่แถวๆสนามบินนี้ด้วย
ว่าได้รับผลกระทบอะไรหรือไม่ ด้านใดบ้าง",conv,p
สบายจริง แต่เสียงรบกวนดังมาก,conv,p
สบายจริง แต่เสียงรบกวนดังมาก,noise,n
"แต่ต้องแลกมากับสภาวะแวดล้อมที่เปลี่ยนไปทั้งเสียงรบกวน มลภาวะจากการเผาไหม้จากเครื่องบินที่ปนเปื้อนในอากาศ
และยังตกลงมาสะสมบนหลังคาบ้านเรื่อน",noise,n
"แต่ต้องแลกมากับสภาวะแวดล้อมที่เปลี่ยนไปทั้งเสียงรบกวน มลภาวะจากการเผาไหม้จากเครื่องบินที่ปนเปื้อนในอากาศ
และยังตกลงมาสะสมบนหลังคาบ้านเรื่อน",health,n
เราว่าไม่ค่อยจะเท่าไหร่นะ,conv,neu
แต่มันเสียงดังนะ อาจทำให้เกิดความรำคาญได้,noise,n
ไม่ดีเลย อยุ่ใกล้สนามบินสิ่งแวดล้อมไม่ดี อากาสเสีย เสียงดัง,noise,n
ไม่ดีเลย อยุ่ใกล้สนามบินสิ่งแวดล้อมไม่ดี อากาสเสีย เสียงดัง,conv,n
ไม่ดีเลย อยุ่ใกล้สนามบินสิ่งแวดล้อมไม่ดี อากาสเสีย เสียงดัง,health,n
แต่ผมว่ามันรบกวนผู้อื่นนะ เสียงดังอีกด้วย,conv,n
แต่ผมว่ามันรบกวนผู้อื่นนะ เสียงดังอีกด้วย,noise,n
ก็ไม่รู้จะพูดยังไง การเจริญก็ดี,conv,p
แต่ที่บ้านไม่ได้ไปใช้บริการ เสียงดังด้วยที่บ้าน,conv,n
แต่ที่บ้านไม่ได้ไปใช้บริการ เสียงดังด้วยที่บ้าน,noise,n
ไม่เห็นจะดีตรงไหน การเดินทางก็เหมือนกับตอนที่สนามบินยังไม่เปิด อย่างเป็นทางการ,conv,n
ก็ดีนะ ความเป็นอยู่ที่นี่จะได้สะดวกสบายยิ่งขึ้น,conv,p
ไม่ชอบเสียงดัง,noise,n
ใช่ แต่เสียงดังไปหน่อยนะ,noise,n
ใช่ แต่เสียงดังไปหน่อยนะ,conv,p
แต่แย่ว่ะ ดุทีวีไม่รู้เรื่องเลย หูตึงไปหมดแล้ว,conv,n
แต่แย่ว่ะ ดุทีวีไม่รู้เรื่องเลย หูตึงไปหมดแล้ว,noise,n
ก็ดีนะ แต่เสียงดังมากรบกวน,noise,n
ก็ดีนะ แต่เสียงดังมากรบกวน,conv,p
ขัดขวางไม่ได้ เพราะมีความสะดวกเข้ามา,conv,p
ดี แต่ต้องยอมรับสิ่งที่เกิดขึ้น,conv,p
ไม่จริงเสมอไป,conv,n
ดี แต่เราไม่ได้ใช้เครื่องบิน มีแต่เสียงที่รบกวนอย่างเดียว,noise,n
ดี แต่เราไม่ได้ใช้เครื่องบิน มีแต่เสียงที่รบกวนอย่างเดียว,conv,neu
ไม่เลย เสียงดัง,conv,n
ไม่เลย เสียงดัง,noise,n
ไม่เห็นด้วยนะ เราไม่ได้ใช้ประโยชน์จากเครื่องบิน ความสะดวกสบายมันมีอยู่แล้ว ไม่ได้เกี่ยวกับสนามบิน,conv,n
ไม่นะ เราไม่ได้ขึ้นเครื่องบินความสะดวกสบายไม่เกี่ยวกับการสร้างสนามบิน,conv,n
ก็ดี แต่เสียงจะดัง,conv,p
ก็ดี แต่เสียงจะดัง,noise,n
ไม่เห็นด้วยแต่มันก็พัฒนาขึ้นถนนหนทางแต่มันมีผบกระทบต่อชุมชนรอบด้าน รถติดคนเพิ่มขึ้นค่าชดเชยก็ไม่ได้,conv,n
ก็ดีนะ สะดวก,conv,p
มันดี แต่มลพิษเยอะไปหน่อย,conv,p
มันดี แต่มลพิษเยอะไปหน่อย,health,n
เห็นด้วยนะ,conv,p
ไม่ดีเลย เสียงดัง,conv,n
ไม่ดีเลย เสียงดัง,noise,n
เห็นด้วย สะดวกสบายดี,conv,p
เห็นด้วย,conv,p
เห็นด้วย เวลาเดินทางไปต่างจังหวัดสะดวกขึ้นเครื่องเลย,conv,p
เห็นด้วย สะดวกสบายในการเดินทาง,conv,p
ไม่ดี เสียงดัง,conv,n
ไม่ดี เสียงดัง,noise,n
ไม่ดีเลย ไม่เกี่ยวกับชีวิตประจำวัน,conv,n
ก็ดีนะ,conv,p
ดี แต่เราไม่ได้เดินทางโดยเครื่องบิน,conv,p
เราก็ไม่สะดวกหรอก เราไม่ได้ขึ้น สร้างความรำคาญให้เราอีก,conv,n
เราก็ไม่สะดวกหรอก เราไม่ได้ขึ้น สร้างความรำคาญให้เราอีก,noise,n
ก็ดีนะ คือเวลาไปไหนก็สบายมันทำให้จังหวัดเจริญขึ้น,conv,p
มันก็รำคาญหู สะดวกสบายตรงไหน,noise,n
มันก็รำคาญหู สะดวกสบายตรงไหน,conv,n
เฉยๆ อะนะ,conv,neu
มันก็ไม่ดีหรอกเป็นการรบกวน,noise,n
มันก็ไม่ดีหรอกเป็นการรบกวน,conv,n
เอิ่มดี,conv,p
ก็สะดวกสบายเฉพาะคนรวยพวกผมไม่ใช้นักธุรกิจ แต่ถนนหนทางก็สะดวกสบาย,conv,p
ไม่รู้นะแล้วแต่คน,conv,neu
มันก็หนวกหูนะ แต่เจริญดี,conv,p
มันก็หนวกหูนะ แต่เจริญดี,noise,n
ความสะดวกก็ดีนะ แต่มีความหนวกหู,conv,p
ความสะดวกก็ดีนะ แต่มีความหนวกหู,noise,n
ไม่เห็นด้วย ก็ปกตินะ เหมือนเดิม,conv,n
ไม่เห็นด้วยเสียงดัง (แต่ไกลๆไม่เป็นไร),conv,n
ไม่เห็นด้วยเสียงดัง (แต่ไกลๆไม่เป็นไร),noise,n
ใกล้นะแต่ไม่ค่อยได้ใช้(นานๆที),conv,neu
ไม่ดีเลย ต้องย้ายบ้านอีก,conv,n
มันก็ดีไปอย่าง แต่เสียงดังบางครั้ง,conv,p
มันก็ดีไปอย่าง แต่เสียงดังบางครั้ง,noise,n
ก็ดีครับ,conv,p
เราไม่ได้ใช้เครื่องบินมันสะดวกสบายเฉพาะคนมีตังค์,conv,neu
ก็พอสมควรดีขึ้นกว่าเก่าหน่อย,conv,p
ก็ดีเสียงตรงนี้ไม่ค่อยดัง,conv,p
ก็ดีเสียงตรงนี้ไม่ค่อยดัง,noise,p
มันก็เจริญขึ้นน้ะ,conv,p
ไม่เกี่ยวกับเรานะ,conv,neu
ไม่ค่อยชอบ,conv,n
มันก็ดี,conv,p
มันก็โอเค แต่มันก็มีผลเสีย,conv,neu
มันก็เป็นบางอย่าง แต่มีเสียงดัง,conv,neu
มันก็เป็นบางอย่าง แต่มีเสียงดัง,noise,n
ก็ดี,conv,p
เห็นด้วย,conv,p
ไม่จริงเพราะเราไม่ได้ใช้เครื่องบิน,conv,n
"ไม่เห็นด้วย เราว่าไม่ดีเท่าไหร่นัก เพราะถ้ามีสนามบินมาเปิดให้บริการอยู่แถวนี้ ผู้คนที่อาศัยอยู่บริเวณนี้ 
ก็จะได้รับความรบกวนจากเสียงมากกว่าถึงมันจะสะดวกสบายในการเดินทางไปไหนมาไหนก็เถอะ 
เราว่าเค้าควรไปเปิดบริการในที่ห่างไกลจากแหล่งที่อยู่อาศัย ชุมชน หมู่บ้านนะ",noise,n
"ไม่เห็นด้วย เราว่าไม่ดีเท่าไหร่นัก เพราะถ้ามีสนามบินมาเปิดให้บริการอยู่แถวนี้ ผู้คนที่อาศัยอยู่บริเวณนี้ 
ก็จะได้รับความรบกวนจากเสียงมากกว่าถึงมันจะสะดวกสบายในการเดินทางไปไหนมาไหนก็เถอะ 
เราว่าเค้าควรไปเปิดบริการในที่ห่างไกลจากแหล่งที่อยู่อาศัย ชุมชน หมู่บ้านนะ",conv,n
ก็ดีนะ มันทำให้เจริญขึ้น,conv,p
ก็ดีนะ ทำมาหากินง่ายขึ้น,conv,p
เสียงรบกวนมันมาก,noise,n
ก็ดี ไม่ค่อยมีเสียงรบกวน,noise,p
ก็ดี ไม่ค่อยมีเสียงรบกวน,conv,p
สะดวกสบายดี แต่ลำบากเวลามีคนขนของมาเผา ปากทางรถติด,conv,neu
คนเยอะขึ้น,conv,n
ไม่ดี รถติด,conv,n
เห็นด้วย,conv,p
ใกล้เกินก็ไม่ไหว ถ้าอยู่ไกลๆ ก็โอเค,conv,neu
ไม่เกี่ยวกับเราเลย,conv,neu
ไม่ดีเลย เพราะว่ามีความวุ่นวายมากขึ้น การจราจรติดขัด อากาศเป็นพิษจากควันท่อไอเสียเครื่องยนต์ มีเสียงดังจากเครื่องบิน ,noise,n
ไม่ดีเลย เพราะว่ามีความวุ่นวายมากขึ้น การจราจรติดขัด อากาศเป็นพิษจากควันท่อไอเสียเครื่องยนต์ มีเสียงดังจากเครื่องบิน ,conv,n
"ไม่ดีเลย เพราะว่ามีความวุ่นวายมากขึ้น การจราจรติดขัด อากาศเป็นพิษจากควันท่อไอเสียเครื่องยนต์ มีเสียงดังจากเครื่องบิน 
ขึ้น-ลง รวมทั้งรถยนต์-รถมอเตอร์ไซต์ที่มากขึ้น",health,n
มันไม่ดี เพราะเราไม่ได้ใช้บริการในส่วนนี้,conv,n
มันก็ดีนะ มีความเจริญมากขึ้น แต่เสียงดังของเครื่องบินนี่ซิ แย่หน่อย รถก็ติดมากด้วย เฮ้อทำใจ,conv,neu
มันก็ดีนะ มีความเจริญมากขึ้น แต่เสียงดังของเครื่องบินนี่ซิ แย่หน่อย รถก็ติดมากด้วย เฮ้อทำใจ,noise,n
เราก็เฉยๆ ไม่ได้เดินทางไปไหนหนวกหูอีกตะหาก,noise,n
เราก็เฉยๆ ไม่ได้เดินทางไปไหนหนวกหูอีกตะหาก,conv,neu
ใช่ไปมาสะดวกขึ้นถึงแม้เสียงของเครื่องบินจะดังไป,conv,p
ใช่ไปมาสะดวกขึ้นถึงแม้เสียงของเครื่องบินจะดังไป,noise,n
เราไม่ได้ประโยชน์จากเขา,conv,n
ดี,conv,p
ไม่ค่อยสะดวกสบายเท่าไหร่แต่ก็ต้องอยู่,conv,n
สะดวกสบายก็ดีนะ,conv,p
ไม่ได้สะดวกสบายกับตัวเอง,conv,n
ไม่มีเลย น่ารำคาญ,conv,n
ไม่มีเลย น่ารำคาญ,noise,n
มันไม่มีผลอะไร เพราะไม่ได้อยู่ใกล้,conv,neu
ก็ดีนะ เดินทางสะดวกดี,conv,p
มันก็สะดวกสบายอยู่ แต่มันก็หนวกหูนะ,conv,p
มันก็สะดวกสบายอยู่ แต่มันก็หนวกหูนะ,noise,n
เฉยๆเพราะไม่ได้ใช้,conv,neu
ไม่ใช่,conv,n
ไม่เกี่ยวกันนะ ได้รับเสียงรบกวน,noise,n
ไม่เกี่ยวกันนะ ได้รับเสียงรบกวน,conv,n
เราไม่ได้ใช้,conv,n
ไม่ค่อยยินดีเท่าไหร่ เพราะทำอาชีพเกษตรกรไม่ได้ใช้,conv,n
ก็ดีนะแต่เราไม่ได้ใช้นิ,conv,neu
คนอื่นเค้าก็สะดวกสบายแหละแต่เราไม่ได้ใช้บริการแถมยังมีปัญหาเรื่องเสียง กลิ่นเหม็นน้ำมันสน ขยะ,conv,n
คนอื่นเค้าก็สะดวกสบายแหละแต่เราไม่ได้ใช้บริการแถมยังมีปัญหาเรื่องเสียง กลิ่นเหม็นน้ำมันสน ขยะ,noise,n
คนอื่นเค้าก็สะดวกสบายแหละแต่เราไม่ได้ใช้บริการแถมยังมีปัญหาเรื่องเสียง กลิ่นเหม็นน้ำมันสน ขยะ,health,n
มาสะดวกสบาย ดีอย่างคือน้ำไม่ท่วม,conv,n
สะดวกแต่ไม่ปลอดภัยเรื่องกลิ่นน้ำมัน,conv,p
สะดวกแต่ไม่ปลอดภัยเรื่องกลิ่นน้ำมัน,health,n
ไม่รู้อะ,conv,neu
ไม่อยากให้เปิดเลย หนวกหูรำคาญละลูกเอ๊ย,conv,n
ไม่อยากให้เปิดเลย หนวกหูรำคาญละลูกเอ๊ย,noise,n
ก็ดี,conv,p
ก็ปกติเหมือนเดิม,conv,neu
เราไม่ได้รู้สึกอะไร,conv,neu
ก็ดี กับความเจริญแต่มีปัญหาทางด้านเสียง,conv,p
ก็ดี กับความเจริญแต่มีปัญหาทางด้านเสียง,noise,n
ไม่มีสนามบิน ก็สะดวกอยู่แล้ว,conv,n
ไม่ดีเลย เพราะเราไม่ได้ใช้บริการ,conv,n
มีทั้งดีและไม่ดี 50-50,conv,neu
ไม่โอเคเลย,conv,n
ไม่ค่อยดี เสียงดัง,conv,n
ไม่ค่อยดี เสียงดัง,noise,n
ไม่ชอบ เพราะเสียงดัง,conv,n
ไม่ชอบ เพราะเสียงดัง,noise,n
ก็ดีนะ แต่เราต้องทนกับปัญหาเยอะแยะ,conv,n
ไม่ดีอ่า รำคาญเสียง,conv,n
ไม่ดีอ่า รำคาญเสียง,noise,n
มันไม่สะดวกสบายสำหรับเรา เพราะเราไม่ได้ใช้เครื่องบิน,conv,n
คิดว่าช่วยให้มีการป้องกันน้ำท่วมได้ดีขึ้น,conv,p
การขนส่งก็โอเคนะ,conv,p
ไม่ดีเลย เพราะ มีเสียงรบกวนตลอดเวลาพอดี ทีวีต้องเปิดเสียงดังเพิ่ม จนบางที ลำโพงทีวีแตก,conv,n
ไม่ดีเลย เพราะ มีเสียงรบกวนตลอดเวลาพอดี ทีวีต้องเปิดเสียงดังเพิ่ม จนบางที ลำโพงทีวีแตก,noise,n
มันเสียงดัง แต่การคมนาคมก็สะดวกจริง แต่มันก็เสียงดังมาก,conv,p
มันเสียงดัง แต่การคมนาคมก็สะดวกจริง แต่มันก็เสียงดังมาก,noise,n
อื่ม..ก็ต้องดูถึงผลดี ผลเสียกับเราในระยะยาวด้วยนะ,conv,neu
ถ้าคนเดินทางมันก็ดี แต่เราเฉยๆเพราะเราไม่ได้ใช้,conv,neu
ไม่ดีหรอกมันสะดวกสบายแต่ว่ามันเสียงดัง,conv,p
ไม่ดีหรอกมันสะดวกสบายแต่ว่ามันเสียงดัง,noise,n
มันก็ไม่ดีอ่ะ เพราะไม่รู้จะย้ายไปไหน,conv,n
ไม่ดีอะ มลพิษมันเยอะ,conv,n
ไม่ดีอะ มลพิษมันเยอะ,health,n
มันดีเรื่องน้ำไม่ท่วมเพราะเข้าสูบออก,conv,p
มันก็ดีเหมือนกัน แต่บางทีมันหนวกหู,conv,p
มันก็ดีเหมือนกัน แต่บางทีมันหนวกหู,noise,n
ก็ดีคือมันทำให้เจริญขึ้น แต่ให้ค่าชดเชยช้ามาก,conv,p
การเดินทางสะดวกสบายขึ้น,conv,p
ถ้าได้ใช้ก็คงพูดว่าดีนะ ก็ไม่ได้ใช้ด้วยก็เฉยๆ,conv,neu
ก็ดี การขนส่งง่ายขึ้นก็ดี รถติดบ้าง,conv,p
เห็นด้วย(ภาพรวมๆ) แต่เราไม่ได้ใช้,conv,neu
ก็ดีนะ แต่ก็ไม่ค่อยขึ้นเครื่อง,conv,neu
ไม่เห็นด้วย เสียงดัง มีมลพิษอากาศ,noise,n
ไม่เห็นด้วย เสียงดัง มีมลพิษอากาศ,health,n
ไม่เห็นด้วย เสียงดัง มีมลพิษอากาศ,conv,n
สบายพวกเขา ไม่เกี่ยวกับเรา,conv,neu
ดีนะแต่ว่าเสียงเครื่องบินจะดังน้อยกว่านี้นะ,conv,p
ดีนะแต่ว่าเสียงเครื่องบินจะดังน้อยกว่านี้นะ,noise,n
ก็สะดวกดี ก็ โอเค นำถนนมาให้ที่บ้าน,conv,p
มันก็ดีนะ แต่ก็มีบ้างที่เสียงเครื่องบินรบกวนการพักผ่อนของเรา,noise,n
มันก็ดีนะ แต่ก็มีบ้างที่เสียงเครื่องบินรบกวนการพักผ่อนของเรา,conv,p
มันก็ดีนะ แต่ก็มีบ้างที่เสียงเครื่องบินรบกวนการพักผ่อนของเรา,health,n
ใช่! ทำให้การเดินทางสะดวกสบายมากกว่าเดิม,conv,p
ไม่ดีเลยมีเสียงรบกวน  การจราจรก็แออัด เราต้องนอนไม่ค่อยหลับแน่,conv,n
ไม่ดีเลยมีเสียงรบกวน  การจราจรก็แออัด เราต้องนอนไม่ค่อยหลับแน่,noise,n
ไม่ดีเลยมีเสียงรบกวน  การจราจรก็แออัด เราต้องนอนไม่ค่อยหลับแน่,health,n
เห็นด้วย เจริญดี,conv,p
มีสิ่งอำนวยความสะดวกมากขึ้น,conv,p
"ใช่ มันก็ดีอยู่แต่การจราจรคงแออัดขึ้นกว่าเดิมแน่เลย มลพิษคงมากกว่าเดิมอากาศคงไม่ดีเหมือนเดิม 
แต่เศรษฐกิจแถวนี้ก็คงดีมากขึ้นน แต่ก็คงแออัดด้วยตึกสูงหลายชั้น หมู่บ้านต่างๆเช่นกัน",conv,neu
"ใช่ มันก็ดีอยู่แต่การจราจรคงแออัดขึ้นกว่าเดิมแน่เลย มลพิษคงมากกว่าเดิมอากาศคงไม่ดีเหมือนเดิม 
แต่เศรษฐกิจแถวนี้ก็คงดีมากขึ้นน แต่ก็คงแออัดด้วยตึกสูงหลายชั้น หมู่บ้านต่างๆเช่นกัน",health,n
จริงเหรอ แต่ฉันว่าเสียงเครื่องบินเวลาขึ้นลงจะดังมากนะ,conv,n
จริงเหรอ แต่ฉันว่าเสียงเครื่องบินเวลาขึ้นลงจะดังมากนะ,noise,n
ใช่ ดีเห็นด้วย,conv,p
มันก็เจริญดี,conv,p
มันคือความเจริญของประเทสไม่ใช่ของเรา,conv,n
เห็นด้วย แต่ไม่คสรเวนคืนมากกว่านี้,conv,p
เห็นด้วย,conv,p
ก็ดีใกล้สนามบิน สะดวกดี,conv,p
ไม่เห็นสะดวกสบายเลยรบกวนตลอดเวลา,conv,n
ไม่เห็นสะดวกสบายเลยรบกวนตลอดเวลา,noise,n
ดีนะ ก็ดี ถ้าไม่มีเสียงให้รำคาญ,noise,n
ดีนะ ก็ดี ถ้าไม่มีเสียงให้รำคาญ,conv,p
ดีที่มีสนามบิน น้ำที่เคยท่วมบ้านก็ไม่เคยท่วม,conv,p
ไม่เห็นจะดี เพราะเสียงมันดัง,conv,n
ไม่เห็นจะดี เพราะเสียงมันดัง,noise,n
ไม่เห็นด้วย เสียงดังเลยไม่ชอบ,conv,n
ไม่เห็นด้วย เสียงดังเลยไม่ชอบ,noise,n
ก็ดีอ่ะ มันใกล้สะดวกสบายเดินทาง,conv,p
ก็ดีนะ แต่เสียงมันดัง,conv,p
ก็ดีนะ แต่เสียงมันดัง,noise,n
ดี ที่มีความสะดวกสบายแต่เสียงดังไปหน่อย,conv,p
ดี ที่มีความสะดวกสบายแต่เสียงดังไปหน่อย,noise,n
ใช่ สะดวกสบายมาก ไปไหนมาไหนก็ได้คล่อง,conv,p
ก็เจริญดีนะ แต่เสียงดังไปเป็นบางครั้ง,conv,p
ก็เจริญดีนะ แต่เสียงดังไปเป็นบางครั้ง,noise,n
สะดวกสบายคนอื่น แต่เราเดือดร้อนเสียงดัง,conv,n
สะดวกสบายคนอื่น แต่เราเดือดร้อนเสียงดัง,noise,n
จริงอยู่ แต่มลภาวะเสียงก็ตามมาเช่นกัน,conv,p
จริงอยู่ แต่มลภาวะเสียงก็ตามมาเช่นกัน,noise,n
เสียงดังไปหน่อย,noise,n
ดี,conv,p
ใช่ๆ ทำให้การเดินทางสะดวกสบายมากขึ้นจริงๆ,conv,p
"แต่เสียงของเครื่องบินก็ดังมากนะ แรกๆตกใจตื่นตอนกลางคืนเลย มลพิษทางอากาศก็เกิดขึ้นยิ่งช่วงหน้าหนาว
เครื่องบินปรับทิศทางการขึ้นบินเสียงยิ่งดังมากๆ",noise,n
"แต่เสียงของเครื่องบินก็ดังมากนะ แรกๆตกใจตื่นตอนกลางคืนเลย มลพิษทางอากาศก็เกิดขึ้นยิ่งช่วงหน้าหนาว
เครื่องบินปรับทิศทางการขึ้นบินเสียงยิ่งดังมากๆ",health,n
ไม่สบาย เพราะเราไม่ได้ใช้เครื่องบินมีเสียงดังด้วยซ้ำ,noise,n
ไม่สบาย เพราะเราไม่ได้ใช้เครื่องบินมีเสียงดังด้วยซ้ำ,conv,n
ไม่ดี เสียงดัง น่ารำคาญ,conv,n
ไม่ดี เสียงดัง น่ารำคาญ,noise,n
ไม่สะดวกสบายเพราะมีเสียงรบกวน,noise,n
ไม่สะดวกสบายเพราะมีเสียงรบกวน,conv,n
สะดวกก็จริง แต่ว่ามันมีเสียงรบกวนที่น่ารำคาญ ทำให้ต้องตื่นมากลางดึกบ่อยครั้งมาก,conv,p
สะดวกก็จริง แต่ว่ามันมีเสียงรบกวนที่น่ารำคาญ ทำให้ต้องตื่นมากลางดึกบ่อยครั้งมาก,noise,n
ชอบ สะดวกสบายดีเจริญขึ้นเยอะๆ แต่มีเสียงดังไปหน่อย,conv,p
ชอบ สะดวกสบายดีเจริญขึ้นเยอะๆ แต่มีเสียงดังไปหน่อย,noise,n
ได้ส่วนเดียวคือการเดินทางไปสนามบิน แต่เรื่องมลพิษเสียมาก,conv,p
ได้ส่วนเดียวคือการเดินทางไปสนามบิน แต่เรื่องมลพิษเสียมาก,health,n
เห็นด้วย,conv,p
ไม่เห็นสะดวก ไม่เห็นจะมีรถเข้ามาถึงเลย,conv,n
ไม่ดีจะทำให้เสียงดัง อาจเกิดมลพิษ,health,n
ไม่ดีจะทำให้เสียงดัง อาจเกิดมลพิษ,conv,n
ไม่ดีจะทำให้เสียงดัง อาจเกิดมลพิษ,noise,n
จะเสียงดังขึ้นกว่าที่เป็นอยู่,noise,n
มันก็ดี แต่อาจจะรำคาญเสียงเครื่องบิน รถติดเพราะคนเดินทางมาใช้บริการสนามบิน,noise,n
มันก็ดี แต่อาจจะรำคาญเสียงเครื่องบิน รถติดเพราะคนเดินทางมาใช้บริการสนามบิน,conv,neu
เสียงดัง รบกวน,noise,n
ประเทศต้องพัฒนาต้องแข่งขันเพื่อตอบสนองความต้องการของมนุษย์รวดเร็วประหยัดเวลา,conv,p
รถติด,conv,n
แต่เราว่าเสียงดังมากนะ คลื่นทีวีและสัญญาณอิเตอร์เน็ตหาย ฝ้าห้องนอนสั่น รบกวนมาก,noise,n
เสียงดังและรถติดมากขึ้นน่ะสิ,noise,n
เสียงดังและรถติดมากขึ้นน่ะสิ,conv,n
ก็ดีซิเจริญดี มีสนามบิน,conv,p
ไม่ดีเลย,conv,n
ก็สะดวกสบายจริงๆนะ,conv,p
เสียงมันดัง,noise,n
ก็เจริญดีนะ แต่สภาวะแวดล้อมไม่ดี มีคราบน้ำมัน,conv,p
ก็เจริญดีนะ แต่สภาวะแวดล้อมไม่ดี มีคราบน้ำมัน,health,n
ก็เคนะ,conv,p
ถ้าสะดวกก็ดีอ่ะ,conv,p
มันก็สบาย แต่มันรบกวนรถติด,conv,neu
ไม่เอาสนามบิน,conv,n
ก็ดีนะ การเดินทางสะดวกสบาย,conv,p
เฉยๆ มีทั้งดีและเสีย,conv,neu
สะดวกสบายแต่ก็มีเสียงรบกวนมากขึ้นการจราจรก็อาจจะติดขัดมากกว่าเดิม,noise,n
สะดวกสบายแต่ก็มีเสียงรบกวนมากขึ้นการจราจรก็อาจจะติดขัดมากกว่าเดิม,conv,neu
เห็นด้วย,conv,p
ไม่เห็นด้วย มีผบกระทบอื่นๆระยะยาว เช่น เสียงการขยายตัวของเมือง(คนย้าย รถติด),conv,n
ไม่เห็นด้วย มีผบกระทบอื่นๆระยะยาว เช่น เสียงการขยายตัวของเมือง(คนย้าย รถติด),noise,n
"มันมีทั้งข้อดีและข้อเสียนะ ข้อดีก็ตรงที่ทำให้ความเป็นอยู่สะดวกสบายยิ่งขึ้น แต่ข้อเสียก็คือ 
เป็นต้นเหตุของเสียงที่ก่อความลำคาญในบ่อยครั้ง",noise,n
"มันมีทั้งข้อดีและข้อเสียนะ ข้อดีก็ตรงที่ทำให้ความเป็นอยู่สะดวกสบายยิ่งขึ้น แต่ข้อเสียก็คือ 
เป็นต้นเหตุของเสียงที่ก่อความลำคาญในบ่อยครั้ง",conv,neu
ไม่ดีซิเพราะว่าเสียงจากเครื่องบินรบกวนการนอนของเรานะซิ,conv,n
ไม่ดีซิเพราะว่าเสียงจากเครื่องบินรบกวนการนอนของเรานะซิ,noise,n
แต่ก็มีข้อเสียอยู่บ้านคือ มีเสียงดังตลอดเวลา รถติด มลภาวะทางอากาศไม่ดีนัก,conv,n
แต่ก็มีข้อเสียอยู่บ้านคือ มีเสียงดังตตลอดเวลา รถติด มลภาวะทางอากาศไม่ดีนัก,noise,n
แต่ก็มีข้อเสียอยู่บ้านคือ มีเสียงดังตตลอดเวลา รถติด มลภาวะทางอากาศไม่ดีนัก,health,n
มันก็โอเคแต่ก็ต้องไม่กระทบความเป็นอยู่ของชุมชน,conv,p
ก็ต้องยอมรับนะ แต่ควรมีการช่วยเหลือผู้ที่ได้รับผลกระทบ,conv,p
ดี ที่สนามบินอยู่ใกล้บ้าน,conv,p
ดีขึ้น มันเจริญขึ้น แต่รถติด,conv,neu
ไม่ดี,conv,n
ไม่ดี รถติด,conv,n
รู้สึกดี,conv,p
เดินทางสะดวกดี,conv,p
ไม่ดี มีเสียงรบกวน,conv,n
ไม่ดี มีเสียงรบกวน,noise,n
ก็เฉยๆนะ,conv,neu
ไม่ได้ไปไหน ไม่ต้องใช้สนามบิน มาเกี่ยวอะไรกับฉันละ,conv,neu
มันดีกับไม่ดีคู่กัน ดีก็การขนส่งมุ่งมาที่นี่ รถไฟฟ้าสาธารณะสุข แต่ส่วนที่ไม่ดีคือ การจราจรติดขัด คนวุ่นวาย,conv,neu
"มันก็ดี มีรถประจำทางผ่านเยอะ ไม่ต้องรอนาน อย่างอื่นก็เหมือนเดิม สนามบินก็ไม่ได้มีโอกาสไปใช้ตอนสร้างใหม่ 
เสียงก็ดังตอนนี้ชินแล้ว",conv,p
"มันก็ดี มีรถประจำทางผ่านเยอะ ไม่ต้องรอนาน อย่างอื่นก็เหมือนเดิม สนามบินก็ไม่ได้มีโอกาสไปใช้ตอนสร้างใหม่ 
เสียงก็ดังตอนนี้ชินแล้ว",noise,n
"ก็ดีมีสิ่งอำนวยความสะดวกมันก็เพิ่มขึ้นในแถวบ้านผลเสียของการมีสนามบินก็ไม่ค่อยมีนะ 
เพราะเราไม่ได้อยู่ใกล้ให้ได้ยินเสียงขนาดนั้นแต่ก็มีบ้าง แต่ไม่รู้ว่าเพราะสนามบินรึเปล่า",noise,neu
"ก็ดีมีสิ่งอำนวยความสะดวกมันก็เพิ่มขึ้นในแถวบ้านผลเสียของการมีสนามบินก็ไม่ค่อยมีนะ 
เพราะเราไม่ได้อยู่ใกล้ให้ได้ยินเสียงขนาดนั้นแต่ก็มีบ้าง แต่ไม่รู้ว่าเพราะสนามบินรึเปล่า",conv,p
ก็ดีนะสะดวกในด้านการเดินทาง,conv,p
ไม่ดีหรอก คิดว่าหนวกหูกันนะ แต่รถเยอะของเราก็ขายได้,noise,n
ไม่ดีหรอก คิดว่าหนวกหูกันนะ แต่รถเยอะของเราก็ขายได้,conv,n
มันก็ดีอ่ะ,conv,p
เฉยๆก็ไม่ต่างจากเดิมมากนะ รถมันก็ติดของมันอยู่แล้ว,conv,neu
ก็ดี แต่มีเสียงเครื่องบิน สะดวกสบายก็จริง แต่คนเยอะรถติด การจราจรแย่มาก,conv,neu
ก็ดี แต่มีเสียงเครื่องบิน สะดวกสบายก็จริง แต่คนเยอะรถติด การจราจรแย่มาก,noise,n
ไม่สะดวกสบายหรอก รถติดจะตาย,conv,n
จะดีกว่านี้ ถ้าไม่มีเสียงดัง,noise,n
ไม่มีผลอะไร ทำให้รถติดขึ้นมากกว่าเมื่อก่อน,conv,n
ใช่ เพราะบ้านเราจะได้มีแต่สนามบินที่อยู่ใกล้บ้าน,conv,p
เฉยๆ,conv,neu
ใช่เลย แต่รถก็จะเยอะมากขึ้น เดินทางไม่สะดวกเวลาเร่งรีบ,conv,neu
สะดวกในการเดินทาง,conv,p
ก็ดีนะ ชอบที่เลือกมีบ้านอยู่นี่ เพราะการขนส่งสะดวกสบาย,conv,p
ใช่แล้วละ เราไม่ต้องเสียเวลาในการเดินทางและค่าใช้จ่ายในการเดินทางไปสนามบิน ทำให้สะดวกสบายมากยิ่งขึ้น,conv,p
"ก็โอเคในบางเรื่อง แต่มลภาวะที่ตามมากับความเจริญและความศรีวิไล แล้วเคยถามผมบ้างรึเปล่าในการจะทำโครงการอะไรซักอย่าง 
ผมก็เป็นเจ้าของประเทศเช่นคุณนะ",conv,neu
"ก็เฉยๆนะ บ้านเราอยู่ใกล้สนามบินบางทีเสียงเครื่องบินก็ดังมากเหมือนกันในบางที แต่บางทีเราก็ว่าเราเดินทางสะดวกดี
เพราะมีสนามบินมาเปิดใกล้ๆ ทำให้แถวบ้านเราการเดินทางสะดวกมากขึ้น เช่นมี airportlink มา",noise,n
"ก็เฉยๆนะ บ้านเราอยู่ใกล้สนามบินบางทีเสียงเครื่องบินก็ดังมากเหมือนกันในบางที แต่บางทีเราก็ว่าเราเดินทางสะดวกดี
เพราะมีสนามบินมาเปิดใกล้ๆ ทำให้แถวบ้านเราการเดินทางสะดวกมากขึ้น เช่นมี airportlink มา",conv,neu
ดีนะ,conv,p
ก็ดีนะ การคมนาคมดีขึ้น,conv,p
ไม่ดี,conv,n
ก็มีความสะดวกสบายยิ่งขึ้น แต่จะมีเสียงดังรบกวน,conv,p
ก็มีความสะดวกสบายยิ่งขึ้น แต่จะมีเสียงดังรบกวน,noise,n
ดี เพราะมีงานทำ มีรายได้,conv,p
ก็สะดวกดี สมมุติว่าเราจะขึ้นเครื่องบินก็ไม่ต้องไปถึงดอนเมือง มี Airportlink,conv,p
ดี สะดวกขึ้น มีความเจริญเช่น รถไฟฟ้า,conv,p
เราไม่ได้ใช้บริการอยู่แล้ว,conv,neu
ที่อื่นเขาสะดวกสบายแต่เราอยู่ตรวทางขึ้น- ลง ของสนามบินมีเสียงรบกวนมากเกินไป,noise,n
ที่อื่นเขาสะดวกสบายแต่เราอยู่ตรวทางขึ้น- ลง ของสนามบินมีเสียงรบกวนมากเกินไป,conv,n
ฉันเฉยๆ,conv,neu
ก็ดีนะถ้าเสียงไม่ดัง,conv,p
ก็ดีนะถ้าเสียงไม่ดัง,noise,n
มันก็จริงอยู่นะ แต่มันต้องแลกมาด้วยเรื่องสิ่งรบกวนทางด้านเสียงหรือเรื่องการจราจรที่อาจจะหนาแน่นขึ้น,noise,n
มันก็จริงอยู่นะ แต่มันต้องแลกมาด้วยเรื่องสิ่งรบกวนทางด้านเสียงหรือเรื่องการจราจรที่อาจจะหนาแน่นขึ้น,conv,neu
ก็จริงแต่ก็มีเสียงรบกวนนิดหน่อย,conv,p
ก็จริงแต่ก็มีเสียงรบกวนนิดหน่อย,noise,n
โอ้ผมเป็นคนค้าขาย ผมมีรถส่วนตัวคงไม่มีประโยชน์เท่าไหร่หรอกสำหรับผม,conv,n
ก็ดี ไม่ต้องเดินทางไปไกล การเดินทางไปไหนสะดวกสบายมีสาธารณูปโภคสะดวกดี,conv,p
ได้รับผลกระทบด้านสิ่งแวดล้อม,health,n
อยู่อย่างนี้มันก็สบายดี,conv,p
มันก็ดีนะ แต่เรา ในชีวิตประจำวันไม่ได้ใช้เครื่องบิน,conv,neu
สบายต่อการเดินทาง,conv,p
ถือว่าดี สะดวกสบายมากขึ้น,conv,p
มันก็ดี แต่เสียง ต้องมาดูแลชาวบ้านบ้าง ในเรื่องของเสียง,conv,p
มันก็ดี แต่เสียง ต้องมาดูแลชาวบ้านบ้าง ในเรื่องของเสียง,noise,n
ใช่แล้ว จะได้สะดวกสบาย,conv,p
ฉันไม่ชอบ มันอาจจะมีเสียงดังของเครื่องบินทำให้เรารำคาญนะสิ,conv,n
ฉันไม่ชอบ มันอาจจะมีเสียงดังของเครื่องบินทำให้เรารำคาญนะสิ,noise,n
แต่ฉันว่าเสียงรบกวนคงมากเลยแหละ,noise,n
มันสะดวกสบายก็จริง แต่คนที่เขาอยู่บ้านแถวนี้ เขาจะอยู่ไม่ได้เนื่องจากเสียงรบกวนของเครื่องบิน,conv,p
มันสะดวกสบายก็จริง แต่คนที่เขาอยู่บ้านแถวนี้ เขาจะอยู่ไม่ได้เนื่องจากเสียงรบกวนของเครื่องบิน,noise,n
ไม่ดี เสียงดัง,noise,n
ไม่ดี เสียงดัง,conv,n
แต่มันก็จะเสียงดังมั้ยล่ะ มันจะหนวกหูเอามั้ย!,noise,n
ไม่เกี่ยวกันเลย ทุกอย่างก็ยังเหมือนเดิม การมีสนามบินไม่ได้ช่วยอะไรเลย,conv,neu
"ไม่ดีหรอก วุ่นวาย ผู้คนเยอะแยะมากมาย ไม่รู้ใครเป็นใคร เสียงดัง ถ้าเป็นเมื่อก่อนคิดว่าน่าจะดี 
แต่เดี๋ยวนี้ไม่ ถ้าเลือกได้ อยากกลับไปอยู่ต่างจังหวัด",conv,n
"ไม่ดีหรอก วุ่นวาย ผู้คนเยอะแยะมากมาย ไม่รู้ใครเป็นใคร เสียงดัง ถ้าเป็นเมื่อก่อนคิดว่าน่าจะดี 
แต่เดี๋ยวนี้ไม่ ถ้าเลือกได้ อยากกลับไปอยู่ต่างจังหวัด",noise,n
โอ้ยไม่เห็นด้วยเลย มันไม่จริงเลย,conv,n
มันก็ดีอยู่ตาสภาพสิ่งแวดล้อมรอบๆ มันไม่ดีไปด้วยบรรยากาศเป็นพิษ,conv,p
มันก็ดีอยู่ตาสภาพสิ่งแวดล้อมรอบๆ มันไม่ดีไปด้วยบรรยากาศเป็นพิษ,health,n
แต่อาจเกิดเสียงดังรบกวน,noise,n
เสียงเครื่องบินดังมาก,noise,n
"ความเจริญเข้ามาก็จริง แต่ก็ไม่ส่งผลให้ชาวบ้านมีความเป็นอยู่ที่ดีขึ้นหรอก 
เพราะเมื่อความเจริญเข้ามามลภาวะก็เข้ามาด้วย เช่น ฝุ่นละออง น้ำมัน",conv,neu
"ความเจริญเข้ามาก็จริง แต่ก็ไม่ส่งผลให้ชาวบ้านมีความเป็นอยู่ที่ดีขึ้นหรอก 
เพราะเมื่อความเจริญเข้ามามลภาวะก็เข้ามาด้วย เช่น ฝุ่นละออง น้ำมัน",health,n
ดีค่ะ ใกล้บ้านเราดี,conv,p
ไม่,conv,n
"ในความคิดเรา ไม่สะดวกสบายนะสำหรับเรา คนที่สะดวกก็คือคนที่เดินทางทางเครื่องบิน กลับกัน 
เรากลับหนวกหูเสียงเครื่องบินมากกว่า",conv,n
"ในความคิดเรา ไม่สะดวกสบายนะสำหรับเรา คนที่สะดวกก็คือคนที่เดินทางทางเครื่องบิน กลับกัน 
เรากลับหนวกหูเสียงเครื่องบินมากกว่า",noise,n
มันก็ดีอะนะ,conv,p
มันไม่ดีหรอก มาใกล้ๆ,conv,n
กับเรามันไม่สะดวก,conv,n
ไม่เลย,conv,n
ไม่ดีหรอก,conv,n
สะดวกดี,conv,p
มันก็ดี แต่ก็มีเสียงดังรบกวน,conv,p
มันก็ดี แต่ก็มีเสียงดังรบกวน,noise,n
ไม่ดี เพราะมีเสียงรบกวนมาก,conv,n
ไม่ดี เพราะมีเสียงรบกวนมาก,noise,n
"สะดวกสบายขึ้นก็จริงแต่ก็ยังรำคาญเสียงเครื่องบินอยู่ แถมเครื่องบินบินผ่านทีนี้หลายไฟล์มาก 
รู้สึกหนวกหูมากกว่าสะดวกสบายนะ",noise,n
"สะดวกสบายขึ้นก็จริงแต่ก็ยังรำคาญเสียงเครื่องบินอยู่ แถมเครื่องบินบินผ่านทีนี้หลายไฟล์มาก 
รู้สึกหนวกหูมากกว่าสะดวกสบายนะ",conv,p
ก็ดีอยู่ แต่ก็หนวกหู เวลาเครื่องบิน บินผ่าน,conv,p
ก็ดีอยู่ แต่ก็หนวกหู เวลาเครื่องบิน บินผ่าน,noise,n
มันก็สะดวก,conv,p
มันก็ปกติ เพราะเราไม่ได้อยู่ใกล้สนามบิน,conv,neu
เฉยๆนะ,conv,neu
มันก็เจริญขึ้นนะ,conv,p
"ดีแน่ๆ ความเจริญที่เข้ามา ถนน ร้านค้า ถ้าการคมนาคมการสื่อสาร ความสะดวกสบาย งานอาชีพ 
แต่ก็จะต้องยอมรับสิ่งที่จะตามมา คือมลพิษทางเสียง กลื่น ความแอดอัด",conv,p
"ดีแน่ๆ ความเจริญที่เข้ามา ถนน ร้านค้า ถ้าการคมนาคมการสื่อสาร ความสะดวกสบาย งานอาชีพ 
แต่ก็จะต้องยอมรับสิ่งที่จะตามมา คือมลพิษทางเสียง กลื่น ความแอดอัด",noise,n
"ดีแน่ๆ ความเจริญที่เข้ามา ถนน ร้านค้า ถ้าการคมนาคมการสื่อสาร ความสะดวกสบาย งานอาชีพ 
แต่ก็จะต้องยอมรับสิ่งที่จะตามมา คือมลพิษทางเสียง กลื่น ความแอดอัด",health,n
ถึงจะสะดวกสบายขึ้น แต่มันจะทำให้การจราจรติดขัดมากขึ้น,conv,neu
ฉันว่าเสียงมันดังรบกวน จะนอนก็ได้ยินแต่เสียงเครื่องบิน,noise,n
คงไม่ดีเท่าไร สะดวกสบายก็จริง แต่เสียงของเครื่องบินมันดังมาก,conv,p
คงไม่ดีเท่าไร สะดวกสบายก็จริง แต่เสียงของเครื่องบินมันดังมาก,noise,n
สะดวกสบายก็จริง แต่เสียงรบกวนมาก,noise,n
สะดวกสบายก็จริง แต่เสียงรบกวนมาก,conv,p
ไม่เคยใช้บริการเลย,conv,neu
มันอยู่ที่คนใช้เครื่องบิน คนรวยอะ แต่คนจนก็รำคาญ,noise,n
ไม่ดี เพราะเราไม่ได้ไปไหน แล้วก็รำคาญ,conv,n
ไม่ดี เพราะเราไม่ได้ไปไหน แล้วก็รำคาญ,noise,n
มันมีทั้งดีและไม่ดีนะ,conv,neu
ก็ดีนะคะ แต่อยากให้ลดเสียงลง,conv,p
ก็ดีนะคะ แต่อยากให้ลดเสียงลง,noise,n
มันก็สะดวกสบายในเชิงพาณิชย์แต่ความเป็นอยู่เรามันน้อยลง,conv,neu
ก็ดีนะ เจริญดี,conv,p
ก็เฉยๆนะ,conv,neu
สะดวกเรื่องอื่น แต่เรื่องเสียงรำคาญมาก ชดเชยก็ไม่ทั่วถึง,conv,p
สะดวกเรื่องอื่น แต่เรื่องเสียงรำคาญมาก ชดเชยก็ไม่ทั่วถึง,noise,n
ก็คงไม่ดีกว่า,conv,n
ก็ปกติ เฉยๆ,conv,neu
ก็ดีเหมือนกัน,conv,p
ใช่ ผู้คนแถวนี้จะได้มีงานทำ,conv,p
เราไม่ได้ใช้เลยไม่สะดวก เรามันแค่ทางผ่าน,conv,n
ก็ใช่นะ เหมือนมีความเจริญเข้ามามากขึ้น,conv,p
ก็ดี แต่เราไม่ได้ใช้,conv,neu
เราไม่ได้ใช้อะนะ เลยไม่มีความสะดวกอะไร,conv,n
ก็โอเค,conv,p
ไม่ดีอ่า,conv,n
ก็ดีนะ สะดวกดี ถึงเสียงจะดังไปนิด ก็ต้องทนเอาหน่อยนะ เพื่อนความเจริญของบ้านเรา,conv,p
ก็ดีนะ สะดวกดี ถึงเสียงจะดังไปนิด ก็ต้องทนเอาหน่อยนะ เพื่อนความเจริญของบ้านเรา,noise,n
ค่อนข้างหนวกหู และกลัวว่าเครื่องบินจะตกลงมา,noise,n
ไม่ได้สะดวกสบายขึ้นหรอก กลับกันมีแต่ความแออัด เสียงดัง กว่าจะปรับตัวได้ก็ต้องใช้เวลานานเหมือนกัน,noise,n
ไม่ได้สะดวกสบายขึ้นหรอก กลับกันมีแต่ความแออัด เสียงดัง กว่าจะปรับตัวได้ก็ต้องใช้เวลานานเหมือนกัน,conv,n
เห็นด้วย จะได้ขายของได้มากขึ้น,conv,p
ไม่เกี่ยวกัน เพราะอยู่ห่างจากสนามบินเยอะ,conv,neu
ไม่ชอบ เพราะทำให้เสียงดังรบกวน,conv,n
ไม่ชอบ เพราะทำให้เสียงดังรบกวน,noise,n
เห็นด้วยกับคนส่วนมาก,conv,p
เมื่อมีการเปิดให้บริการสนามบิน น่าจะทำให้เศรษฐกิจดีขึ้น มีการสร้างงานสร้างอาชีพให้ผู้คนมีรายได้,conv,n
เสียงอาจจะรบกวนมากขึ้น มีความเสี่ยง ถ้าเครื่องบินตกลงมา,noise,n
มีสนามบินใกล้ๆไม่ดีหรอก,conv,n
ดี,conv,p
ไม่ดี เสียงดัง,conv,n
ไม่ดี เสียงดัง,noise,n
ดี เพราะมันเดินทางสะดวก,conv,p
เสียงดัง,noise,n
ไม่เอา เสียงดัง แค่นี้ก็พอแล้ว,noise,n
ไม่เอา เสียงดัง แค่นี้ก็พอแล้ว,conv,n
ดี เพราะเดินทางสะดวกดี,conv,p
สะดวก แต่เสียงดังรบกวน,conv,p
สะดวก แต่เสียงดังรบกวน,noise,n
ไม่ดี เสียงดัง,conv,n
ไม่ดี เสียงดัง,noise,n
ถ้าค้าขายก็ดี แต่ถ้าเราไม่ค้าขายก็ไม่ดี,conv,neu
ก็จริงน่ะ,conv,p
ไม่เลย เพราะมันมีเสียงดังรบกวน,conv,n
ไม่เลย เพราะมันมีเสียงดังรบกวน,noise,n
ไม่ดี เพราะมีรถติด โดยเฉพาะช่วงเย็น เสียงดังด้วย,conv,n
ไม่ดี เพราะมีรถติด โดยเฉพาะช่วงเย็น เสียงดังด้วย,noise,n
ไม่ดี เพราะเสียงดัง รถติด,noise,n
ไม่ดี เพราะเสียงดัง รถติด,conv,n
ดี แต่ไม่ดีตรงเสียงดังของเครื่องบิน,conv,p
ดี แต่ไม่ดีตรงเสียงดังของเครื่องบิน,noise,n
ไม่เกี่ยวกันหรอก ที่นี้ก็สะดวกสบายอยู่แล้วถึงจะไม่มีสนามบิน,conv,neu
ดี สนามบินก็มีการปรับปรุงแก้ไข,conv,p
ดี การเดินการสะดวกสบาย แต่เสียงดังไปหน่อย,conv,p
ดี การเดินการสะดวกสบาย แต่เสียงดังไปหน่อย,noise,n
โอเค อะไรก็เจริญขึ้น,conv,p
สะดวกสบายดี แต่เสียงเครื่องบินเวลากลางคืนตอนที่บินต่ำ,conv,p
สะดวกสบายดี แต่เสียงเครื่องบินเวลากลางคืนตอนที่บินต่ำ,noise,n
ไม่จริง เพราะระบบการบินจะทำให้รบกวนความเป็นอยู่ของผู้อาศัยบริเวณนี้ เสียงดังรบกวน,noise,n
ไม่จริง เพราะระบบการบินจะทำให้รบกวนความเป็นอยู่ของผู้อาศัยบริเวณนี้ เสียงดังรบกวน,conv,n
ก็สะดวก แต่จะมีเสียงดังรบกวน,noise,n
ก็สะดวก แต่จะมีเสียงดังรบกวน,conv,p
ไม่จริงหรอก เสียงเครื่องบินเวลามันขึ้นทำให้ฉันนอนไม่หลับ เพราะมันเสียงดังมากเลย,conv,n
ไม่จริงหรอก เสียงเครื่องบินเวลามันขึ้นทำให้ฉันนอนไม่หลับ เพราะมันเสียงดังมากเลย,noise,n
ก็ดี ใกล้สนามบิน,conv,p
ก็ใช่ ความเจริญเข้ามา แต่มีเสียงรบกวน,conv,p
ก็ใช่ ความเจริญเข้ามา แต่มีเสียงรบกวน,noise,n
สะดวกต่อการเดินทาง,conv,p
ดี เพราะสะดวกสบาย,conv,p
ไม่รู้สิ เราไม่ได้สะดวกสบายอะไร แต่ทางสนามบินก็สะดวกแหละ,conv,neu
ก็ดี เจริญ ถึงเราจะไม่ได้ใช้ แต่ถ้ามีประโชยน์กับคนอื่นก็ดี,conv,p
ก็ดี,conv,p
ก็ดี เวลาไปเที่ยวได้ใช้งาน,conv,p
ก็จริง เห็นด้วย,conv,p
ไม่เห็นด้วยหรอก เสียงดัง,conv,n
ไม่เห็นด้วยหรอก เสียงดัง,noise,n
มันก็จะมีเสียงดัง แต่ถ้าไม่ทำ สนามบินประเทศก็ไม่เจริญอีก,conv,p
มันก็จะมีเสียงดัง แต่ถ้าไม่ทำ สนามบินประเทศก็ไม่เจริญอีก,noise,n
เป็นเรื่องของบ้านเมืองแหละ ทำให้เจริญ,conv,p
เห็นด้วยนะ,conv,p
ถ้าพูดตามความคิด ไปมาก็ง่ายสะดวกสบาย,conv,p
สบายเฉพาะคนที่เดินทาง,conv,neu
มันก็ดีอะ แต่เสียงดัง,noise,n
มันก็ดีอะ แต่เสียงดัง,conv,p
สำหรับเรามันก็หนวกหู,noise,n
มันสะดวก แต่ว่าเสียงดัง,conv,p
มันสะดวก แต่ว่าเสียงดัง,noise,n
ไม่ดีหรอก หนวกหู,conv,n
ไม่ดีหรอก หนวกหู,noise,n
ก็ดีนะ แต่เสียงดังหน่อย,noise,n
ก็ดีนะ แต่เสียงดังหน่อย,conv,p
มันก็ดีอ่ะนะ,conv,p
มันก็สะดวกดี ไปไหนมาไหนก็ได้,conv,p
ดี,conv,p
ไม่เห็นด้วย เพราะสนามบินมันก็มีดอนเมืองแล้ว,conv,n
ก็ดีนะ เจริญขึ้น แต่เราก็ไม่เคยใช้บริการและก็มีเสียงดังด้วยนะ เป็นบางครั้ง ดีกว่าเมื่อ่อนเยอะ,conv,p
ก็ดีนะ เจริญขึ้น แต่เราก็ไม่เคยใช้บริการและก็มีเสียงดังด้วยนะ เป็นบางครั้ง ดีกว่าเมื่อ่อนเยอะ,noise,n
ก็ดีนะ,conv,p
เห็นด้วย,conv,p
ดีครับ เจริญขึ้น,conv,p
ก็ดีนะ,conv,p
ก็จริงน่ะ,conv,p
การคมนาคมก็ดีขึ้น,conv,p
มันก็ไม่เท่าไหร่นะ ปกติไม่ได้ขึ้นเครื่องบิน,conv,neu
ผลลัพธ์เสียก็มีนะ คือเป็นทาสของพวกนักธุรกิจ,conv,neu
กลัวมลภาวะทางเสียงจะรบกวน,noise,n
ก็ดีนะ แต่เสียงน่าจะดังมาก หนวกหู นอนไม่หลับ,noise,n
ก็ดีนะ แต่เสียงน่าจะดังมาก หนวกหู นอนไม่หลับ,conv,p
ไม่เกี่ยวกับเรา เพราะไม่ใช่บริเวณสนามบิน แต่จะทำให้ความสะดวกสบายขึ้น จำทะรถติด คนเยอะ,conv,neu
ไม่ดีเลย ออกจากบ้านปากซอยรถก็ติด อย่าบอกนะว่าเป็นเรื่องธรรมดา แก้ไขได้ก็ดีเลย,conv,n
ก็ดีซิ มันอาจจะเป็นแบบนั้นจริงๆ,conv,p
จะมีเสียงรบกวนจากเครื่องบิน เป็นครั้งราว ขึ้นอยู่กับทิศทางลมที่เครื่องบินขึ้น ละข้อดี อยู่ใกล้ไม่ต้องเสียเวลาในการเดินทาง,conv,p
จะมีเสียงรบกวนจากเครื่องบิน เป็นครั้งราว ขึ้นอยู่กับทิศทางลมที่เครื่องบินขึ้น ละข้อดี อยู่ใกล้ไม่ต้องเสียเวลาในการเดินทาง,noise,n
ไม่ดีเสียงดังรบกวน ดูทีวีไม่รู้เรื่อง ตอนกลางคืนนอนไม่ค่อยได้,conv,n
ไม่ดีเสียงดังรบกวน ดูทีวีไม่รู้เรื่อง ตอนกลางคืนนอนไม่ค่อยได้,noise,n
มันจะทำให้เสียงดัง ใครๆก็ไม่ต้องการ,conv,n
มันจะทำให้เสียงดัง ใครๆก็ไม่ต้องการ,noise,n
มันน่าจะมีผลกระทบกับเรา ทางด้านเสียงและมลภาวะทางอากาศ,noise,n
มันน่าจะมีผลกระทบกับเรา ทางด้านเสียงและมลภาวะทางอากาศ,health,p
ชอบตัดสัญญาณทีวีอินเทอเน็ต,conv,n
เราไม่เคยขึ้นเครื่องบิน มันเกิดเสียงดังรบกวน ได้รับความรำคาญ,conv,n
เราไม่เคยขึ้นเครื่องบิน มันเกิดเสียงดังรบกวน ได้รับความรำคาญ,noise,n
มันคงไม่จริง,conv,n
แต่ฉันคิดว่าไม่โอเคนะ เพราะเสียงเครื่องบินจะรบกวนมาก,conv,n
แต่ฉันคิดว่าไม่โอเคนะ เพราะเสียงเครื่องบินจะรบกวนมาก,noise,n
ใช่แล้ว การเดินทางก็จะสะดวกสบายมากขึ้น,conv,p
ไม่ดี จะทำให้เกิดเสียงดังและเหม็นน้ำมันเครื่องบิน,noise,n
ไม่ดี จะทำให้เกิดเสียงดังและเหม็นน้ำมันเครื่องบิน,conv,n
ไม่ดี จะทำให้เกิดเสียงดังและเหม็นน้ำมันเครื่องบิน,health,n
ใช่ ฉันก็เห็นด้วยกับคนสะดวกสบาย ไม่ต้องเดินทางไปใช้บริการไกลๆ,conv,p
ไม่เลย! มีแต่เสียงดัง รถติดมากขึ้น,conv,n
ไม่เลย! มีแต่เสียงดัง รถติดมากขึ้น,noise,n
"คุณมีความคิดเห็นอย่างไร ถ้ามีการเปิดสนามบินใกล้แหล่งชุมชนที่คุณอยาอาศัย? (การเปิดบริการสนามบินใกล้แหล่งชุมชน
ที่เราอาศัยอยู่มีข้อดีคือพื้นที่บริเวณชุมชนจะเกิดสิ่งอำนวยความสะดวกเพิ่มมากขึ้น แต่ต้องตระหนักถึงผลกระทบที่จะได้รับด้วย)",conv,neu
ดีมันก็ดี แต่ก็ดังรบกวน,conv,p
ดีมันก็ดี แต่ก็ดังรบกวน,noise,n
ความสะดวกสบายยังมาไม่ถึงเลย,conv,n
เห็นด้วย เพราะการเดินทางสะดวกกับการไปทำงาน,conv,p
ไม่ดี เสียงดัง บ้านก็พัง ไม่ได้รับการชดเชยด้วย โทรทัศน์ก็ไม่ได้,conv,n
ไม่ดี เสียงดัง บ้านก็พัง ไม่ได้รับการชดเชยด้วย โทรทัศน์ก็ไม่ได้,noise,n
แต่ฉันว่ามันรบกวนคนที่เขาทำงานกลางคืนนะ,noise,n
"ไม่จริงเลยที่มีการเปิดบิรการสนามบินใกล้ๆบริเวณนี้เพราะจะทำให้เสียงเครื่องบินรบกวนคนที่อยู่บริเวณนั้น
และรบกวนการนอนของคนอื่นๆ",conv,n
"ไม่จริงเลยที่มีการเปิดบิรการสนามบินใกล้ๆบริเวณนี้เพราะจะทำให้เสียงเครื่องบินรบกวนคนที่อยู่บริเวณนั้น
และรบกวนการนอนของคนอื่นๆ",noise,n
"ไม่จริงเลยที่มีการเปิดบิรการสนามบินใกล้ๆบริเวณนี้เพราะจะทำให้เสียงเครื่องบินรบกวนคนที่อยู่บริเวณนั้น
และรบกวนการนอนของคนอื่นๆ",health,n
เห็นด้วย,conv,p
สะดวกสบายอย่างไรไม่ชัดเจน มีแต่ข้อดีและผลกระทบต่อสิ่งแวดล้อมแล้วใครรับผิดชอบ,conv,neu
ก็ดีเสียงไม่ได้รบกวนอะไร,conv,p
ก็ดีเสียงไม่ได้รบกวนอะไร,noise,p
ผมไม่คิดอย่างนั้นนะครับ,conv,n
ครับ(เห็นด้วย),conv,p
เห็นด้วย ตัวบอกความเจริญ,conv,p
ใช่,conv,p
ดีค่ะใกล้ๆสนามบินจะมีสิ่งอำนวยความสะดวกมากกว่า,conv,p
สะดวกสบายแต่ก็เกิดผลกระทบทางอ้อมทั้งหลายอย่างทั้งมลพิษทางอากาศ เสียงเครื่องบินและการจราจรที่คับคั้งมากกว่าเดิม,conv,neu
สะดวกสบายแต่ก็เกิดผลกระทบทางอ้อมทั้งหลายอย่างทั้งมลพิษทางอากาศ เสียงเครื่องบินและการจราจรที่คับคั้งมากกว่าเดิม,health,n
สะดวกสบายแต่ก็เกิดผลกระทบทางอ้อมทั้งหลายอย่างทั้งมลพิษทางอากาศ เสียงเครื่องบินและการจราจรที่คับคั้งมากกว่าเดิม,noise,n
ก็ดี ชีวิตสะดวกสบายขึ้น,conv,p
เสียงดังรบกวน ไม่ชอบ,noise,n
ไม่ยินดีเลยมันทำให้เสียงดังมากขึ้น,noise,n
ไม่ยินดีเลยมันทำให้เสียงดังมากขึ้น,conv,n
ไม่จริงหรอก เราไม่ไปเมืองนอกนิ,conv,n
ก็มีทั้งดีและไม่ดีนะ 80% ดี 20% ไม่ดี,conv,neu
ก็โอเคนะ จะได้เจริญ,conv,p
ไม่ดีอ่ะ ไม่ได้ใช้,conv,n
มันเสียงดังเกินไป อีกอย่างมัมไม่ได้มีผลอะไรกับเราอ่า,conv,neu
มันเสียงดังเกินไป อีกอย่างมัมไม่ได้มีผลอะไรกับเราอ่า,noise,n
ไม่เอาไม่อยากให้มาเปิดเลย,conv,n
ไม่ดีเลย เสียงดัง,conv,n
ไม่ดีเลย เสียงดัง,noise,n
ไม่เอาหนวกหูไม่ได้อยากขึ้นเครื่องบินอยู่แล้ว,noise,n
ไม่เอาหนวกหูไม่ได้อยากขึ้นเครื่องบินอยู่แล้ว,conv,n
ก็ดีค่ะ มีคนมาเที่ยวเยอะมากขึ้น โดยเฉพาะฝรั่ง ได้ขายของเพิ่มมากขึ้น,conv,p
ก็ดีนะ ทำให้บ้านเราเจริญ แถวนี้ไกลจากเสียงเครื่องบิน,conv,p
ก็ดีนะ ทำให้บ้านเราเจริญ แถวนี้ไกลจากเสียงเครื่องบิน,noise,p
บางทีมันก็ไม่จำเป็น เราไม่ใช่นักธุรกิจที่ต้องเดินทาง,conv,n
มันดีนะ,conv,p
ไม่นะ เฉยๆ,conv,neu
มันทำให้แออัด การจราจรติดขัด ปัญหาเยอะ แต่มันก็เจริญขึ้น,conv,neu
ตอนนี้มันก็มีอยู่แล้ว,conv,neu
มันก็ดี,conv,p
สะดวกสบายนะ แต่มีเสียงรบกวนมากไปหน่อย,conv,p
สะดวกสบายนะ แต่มีเสียงรบกวนมากไปหน่อย,noise,n
ก็ใช่,conv,p
ถ้าไม่ขับผ่าน  ก็ไม่มีผลกระทบ,conv,neu
มันไม่เกี่ยวกับเรานะ,conv,neu
ไม่ดี ไม่ชอบเสียงรบกวน กำลังร้องเรียนอยู่,conv,n
ไม่ดี ไม่ชอบเสียงรบกวน กำลังร้องเรียนอยู่,noise,n
ไม่นะ,conv,n
ไม่ดี เสียงดัง,noise,n
ไม่ดี เสียงดัง,conv,n
สะดวกสบายสำหรับคนที่ขึ้นเครื่องบิน,conv,p
ไม่รู้ ชินๆกับที่อยู่,conv,neu
สะดวกก็สะดวกนะ แต่เราไม่ชอบเสียงดังเลย รถก็ติด,conv,neu
สะดวกก็สะดวกนะ แต่เราไม่ชอบเสียงดังเลย รถก็ติด,noise,n
ใช่ เวลาจะไปไหนมาไหนจะได้สะดวก,conv,p
ผมว่าไม่มีความจำเป็นเรื่องนี้,conv,n
ไม่เห็นด้วย เพราะ สนามบินไม่จำเป็นต้องมาอยู่ใกล้,conv,n
สะดวกสบายดี,conv,p
มีทั้งดีทั้งเสีย ก็สะดวก แต่เสียงดัง,conv,p
มีทั้งดีทั้งเสีย ก็สะดวก แต่เสียงดัง,noise,n
ดี แต่เสียงดัง ,noise,n
ดี แต่เสียงดัง ,conv,p
ไม่ดีอ่ะ ไม่มีสนามบินดีกว่า,conv,n
สะดวกสบายขึ้น แต่ก่อนก็ดีอยู่แล้ว,conv,p
ก็ดี สัญจรทางอากาศดี แต่หนวกหู,conv,p
ก็ดี สัญจรทางอากาศดี แต่หนวกหู,noise,n
เราไม่ได้ใช้บริการ แต่รถติด,conv,n
ก็ดี สะดวกสบายดี,conv,p
ไม่จริง ก็ปกติ ไม่สบายขึ้น หนวกหูด้วย,conv,n
ไม่จริง ก็ปกติ ไม่สบายขึ้น หนวกหูด้วย,noise,n
ไม่ดี ไม่เกี่ยวอะไรกัน,conv,n
สะดวกสบายยิ่งขึ้นดี,conv,p
แต่เสียงเครื่องบินดัง ถ้าเครื่องบินเก็บเสียงได้ก็จะดีมาก,noise,n
ไม่จริงหรอก เราไม่ได้ขึ้นเครื่องบินทุกวัน เราได้ยินแต่เสียงเครื่องบิน ดูทีวีฟังก็ไม่รู้เรื่อง ชั่วชีวิตจะขึ้นเครื่องบินกี่ครั้งเชียว,noise,n
ไม่จริงหรอก เราไม่ได้ขึ้นเครื่องบินทุกวัน เราได้ยินแต่เสียงเครื่องบิน ดูทีวีฟังก็ไม่รู้เรื่อง ชั่วชีวิตจะขึ้นเครื่องบินกี่ครั้งเชียว,conv,n
ไม่เห็นด้วย เชิงธุรกิจดี แต่วิถีชาวบ้านไม่ดี เสียงรบกวน,noise,n
ไม่เห็นด้วย เชิงธุรกิจดี แต่วิถีชาวบ้านไม่ดี เสียงรบกวน,conv,n
นำความเจริญมาให้ ดี เห็นด้วย ยอมรับเรื่องเสียงได้,conv,p
นำความเจริญมาให้ ดี เห็นด้วย ยอมรับเรื่องเสียงได้,noise,p
การเดินทางสะดวกสบายดี แต่มีปัญหาเรื่องเสียงและมลภาวะ,noise,n
การเดินทางสะดวกสบายดี แต่มีปัญหาเรื่องเสียงและมลภาวะ,conv,p
การเดินทางสะดวกสบายดี แต่มีปัญหาเรื่องเสียงและมลภาวะ,health,n
สะดวกสบาย,conv,p
เห็นด้วย,conv,p
เฉยๆไม่สะดวกสบาย รู้สึกเหมือนเดิม,conv,neu
สำหรับคนที่ใช้เครื่องก็สะดวกสบายซิ,conv,p
เห็นด้วย,conv,p
ไม่ค่อยดีครับ เสียงรบกวนมาก,conv,n
ไม่ค่อยดีครับ เสียงรบกวนมาก,noise,n
จะทำให้พื้นที่ของเราเจริญขึ้น ทุกคนแถวนี้ได้มีงานทำ,conv,p
สะดวกสบายทุกอย่าง ยกเว้นหูของเรา,conv,p
สะดวกสบายทุกอย่าง ยกเว้นหูของเรา,noise,n
เห็นด้วย,conv,p
เราว่าไม่ดีนะเพราะเวลาเครื่องบินขึ้นจะทำให้เสียงดังมากและรบกวนคนอื่นด้วย,conv,n
เราว่าไม่ดีนะเพราะเวลาเครื่องบินขึ้นจะทำให้เสียงดังมากและรบกวนคนอื่นด้วย,noise,n
ดี แต่เสียงดัง เวลาเครื่องบินขึ้นลง,conv,p
ดี แต่เสียงดัง เวลาเครื่องบินขึ้นลง,noise,n
ไม่ดี เสียงดัง เราไม่สามารถอยู่แบบเงียบได้,conv,n
ไม่ดี เสียงดัง เราไม่สามารถอยู่แบบเงียบได้,noise,n
เห็นด้วย พี่ชอบ,conv,p
ก็ดี บ้านเมืองจะได้เจริญขึ้น แต่รถก็จะติดมากขึ้น มีนักท้องเที่ยวมาเที่ยวมากขึ้น ที่ดินก็จะแพงขึ้น,conv,neu
ผู้คนก็เยอะวุ่นวาย,conv,n
ใช่ มีแต่ความเจริญของชุมนุม แต่ก็ทำให้สภาพแวดล้อมหลายๆด้านเสียไปถ้าทางราชการไม่ควบคุมแก้ไข,conv,p
มีทั้งข้อดีและข้อเสียนะ,conv,neu
ฉันว่าไม่ดีขึ้น เช่นปกติน้ำฝนที่ใช้ได้กลับใช้ไม่ได้ ถ้าถามว่าอยากให้มี/ไม่มี ไม่อยากให้มีเลย,conv,n
ก็ดีนะ ก็สะดวกสบายชั้น ก็ไม่ได้รบกวนเท่าไหร่,conv,p
ก็ดีนะ ก็สะดวกสบายชั้น ก็ไม่ได้รบกวนเท่าไหร่,noise,neu
ก็ดีค่ะ ใกล้ดี,conv,p
ไม่ดี ตั้งแต่มีเครื่องบิน,conv,n
ดีอย่างเสียอย่าง,conv,neu
เห็นด้วยในเรื่องความสะดวกสบาย,conv,p
ไม่ดีขึ้นหรอก หนวกหูจะตาย มาที ทีวีก็ดูไม่ได้,conv,n
ไม่ดีขึ้นหรอก หนวกหูจะตาย มาที ทีวีก็ดูไม่ได้,noise,n
ค่ะ สะดวกสบายขึ้น,conv,p
หนวกหู รบกวน,noise,n
ไม่ชอบ หนวกหู,conv,n
ไม่ชอบ หนวกหู,noise,n
ดี สะดวกสบาย,conv,p
เห็นด้วย,conv,p
สะดวกสบายจริง แต่มันเสียงดัง ดีอย่างเสียอย่าง,conv,p
สะดวกสบายจริง แต่มันเสียงดัง ดีอย่างเสียอย่าง,noise,n
ไม่เห็นด้วย,conv,n
ไม่เห็นด้วย เพราะเราไม่ใช้สนามบิน,conv,n
ไม่ชอบ มันหนวกหู,conv,n
ไม่ชอบ มันหนวกหู,noise,n
ก็ดีนะ เห็นด้วย บ้านเมืองเจริญขึ้นเราก็เห็นด้วย,conv,p
ผมรู้สึกเฉยๆ เพราะไม่ได้ใช้บริการของสนามบินบ่อยอยู่แล้ว,conv,neu
ผมก็ว่ามันดี รำคาญนิดหน่อยแต่ก็อยู่ได้,conv,p
ผมก็ว่ามันดี รำคาญนิดหน่อยแต่ก็อยู่ได้,noise,n
